code,name,sub_industry
000001,平安银行,股份制银行
000002,万 科Ａ,住宅开发
000004,*ST国华,基础软件
000006,深振业Ａ,住宅开发
000007,全新好,商业物业经营
000008,神州高铁,轨交设备
000009,中国宝安,电池化学品
000010,*ST美丽,园林工程
000011,深物业A,物业管理
000012,南 玻Ａ,玻璃制造
000014,沙河股份,住宅开发
000016,*ST康佳A,电视
000017,深中华A,钟表珠宝
000019,深粮控股,粮油加工
000020,深华发Ａ,面板
000021,深科技,消费电子组件
000025,特 力Ａ,综合类
000026,飞亚达,钟表珠宝
000027,深圳能源,火力发电
000028,国药一致,医药流通
000029,深深房Ａ,住宅开发
000030,富奥股份,底盘与发动机系统
000031,大悦城,商业地产
000032,深桑达Ａ,其他专业工程
000034,神州数码,其他云服务
000035,中国天楹,固废治理
000036,华联控股,住宅开发
000037,深南电A,火力发电
000039,中集集团,金属制品
000042,中洲控股,住宅开发
000045,深纺织Ａ,光学元件
000048,京基智农,生猪养殖
000049,德赛电池,锂电池
000050,深天马Ａ,面板
000055,方大集团,其他建材
000056,*ST皇庭,商业物业经营
000058,深 赛 格,商业物业经营
000059,华锦股份,炼油化工
000060,中金岭南,铅锌
000061,农 产 品,商业物业经营
000062,深圳华强,其他电子
000063,中兴通讯,系统设备
000065,北方国际,国际工程
000066,中国长城,其他IT设备
000068,华控赛格,水治理
000069,华侨城Ａ,住宅开发
000070,特发信息,光纤光缆
000078,ST海王,医药流通
000088,盐 田 港,港口
000089,深圳机场,机场
000090,天健集团,基建工程
000096,广聚能源,石油贸易
000099,中信海直,航空运输
000100,TCL科技,面板
000151,中成股份,贸易
000153,丰原药业,化学制剂
000155,川能动力,风力发电
000156,华数传媒,广播电视
000157,中联重科,工程机械整机
000158,常山北明,行业应用软件
000159,国际实业,石油贸易
000166,申万宏源,证券
000301,东方盛虹,涤纶
000333,美的集团,空调
000338,潍柴动力,底盘与发动机系统
000400,许继电气,电网自动化
000401,金隅冀东,水泥制造
000402,金 融 街,商业地产
000403,派林生物,血液制品
000404,长虹华意,家电零部件
000407,胜利股份,燃气
000408,藏格矿业,钾肥
000409,云鼎科技,行业应用软件
000410,沈阳机床,机床制造
000411,英特集团,医药流通
000415,渤海租赁,租赁
000417,合百集团,百货
000419,通程控股,多业态零售
000420,吉林化纤,粘胶纤维
000421,南京公用,燃气
000422,湖北宜化,磷肥及磷化工
000423,东阿阿胶,中药
000425,徐工机械,工程机械整机
000426,兴业银锡,铅锌
000428,华天酒店,酒店
000429,粤高速Ａ,高速公路
000430,张家界,旅游景区
000488,ST晨鸣,大宗用纸
000498,山东路桥,基建工程
000501,武商集团,百货
000503,国新健康,行业应用软件
000504,*ST生物,其他医疗服务
000505,京粮控股,粮油加工
000506,招金黄金,黄金
000507,珠海港,风力发电
000509,华塑控股,面板
000510,新金路,氯碱
000513,丽珠集团,化学制剂
000514,渝 开 发,住宅开发
000516,国际医学,医院
000517,荣安地产,住宅开发
000518,四环生物,基因药物
000519,中兵红箭,地面兵装
000520,凤凰航运,航运
000521,长虹美菱,冰洗
000523,红棉股份,制糖业
000524,岭南控股,旅游服务
000525,红太阳,农药
000526,学大教育,教育培训
000528,柳 工,工程机械整机
000529,广弘控股,肉制品
000530,冰山冷热,制冷空调设备
000531,穗恒运Ａ,火力发电
000532,华金资本,投资管理
000533,顺钠股份,输变电设备
000534,万泽股份,其他生物制药
000536,华映科技,面板
000537,绿发电力,风力发电
000538,云南白药,中药
000539,粤电力Ａ,火力发电
000541,佛山照明,LED
000543,皖能电力,火力发电
000544,中原环保,水治理
000545,金浦钛业,钛白粉
000546,金圆股份,固废治理
000547,航天发展,军工电子
000548,湖南投资,高速公路
000550,江铃汽车,商用载货车
000551,创元科技,环保设备
000552,甘肃能化,动力煤
000553,安道麦A,农药
000554,泰山石油,石油贸易
000555,神州信息,行业应用软件
000557,西部创业,铁路运输
000558,天府文旅,旅游景区
000559,万向钱潮,底盘与发动机系统
000560,我爱我家,租赁经纪
000561,烽火电子,航天装备
000563,陕国投Ａ,信托
000564,供销大集,百货
000565,渝三峡Ａ,涂料油墨
000566,海南海药,化学制剂
000567,海德股份,其他金融服务
000568,泸州老窖,白酒
000570,苏常柴Ａ,内燃机
000571,新大洲A,动力煤
000572,海马汽车,综合乘用车
000573,粤宏远Ａ,住宅开发
000576,甘化科工,地面兵装
000581,威孚高科,底盘与发动机系统
000582,北部湾港,港口
000586,汇源通信,光纤光缆
000589,贵州轮胎,轮胎轮毂
000590,古汉医药,中药
000591,太阳能,光伏发电
000592,平潭发展,林业
000593,德龙汇能,燃气
000595,*ST宝实,风力发电
000596,古井贡酒,白酒
000597,东北制药,化学制剂
000598,兴蓉环境,水务
000599,青岛双星,轮胎轮毂
000600,建投能源,火力发电
000601,韶能股份,水力发电
000603,盛达资源,白银
000605,渤海股份,水务
000607,华媒控股,其他广告营销
000608,阳光股份,商业地产
000609,*ST中迪,住宅开发
000610,*ST西旅,旅游服务
000612,焦作万方,铝
000615,*ST美谷,医美服务
000617,中油资本,金融控股
000619,海螺新材,其他建材
000620,盈新发展,住宅开发
000623,吉林敖东,中药
000625,长安汽车,综合乘用车
000626,远大控股,贸易
000628,高新发展,房屋建设
000629,钒钛股份,其他金属
000630,铜陵有色,铜
000631,顺发恒能,综合类
000632,ST三木,贸易
000633,合金投资,其他金属新材料
000635,英 力 特,氯碱
000636,风华高科,被动元件
000637,茂化实华,其他石化
000638,*ST万方,粮油加工
000639,ST西王,粮油加工
000650,仁和药业,中药
000651,格力电器,空调
000652,泰达股份,贸易
000655,金岭矿业,铁矿石
000656,*ST金科,住宅开发
000657,中钨高新,钨钼
000659,珠海中富,塑料包装
000661,长春高新,基因药物
000663,永安林业,林业
000665,湖北广电,广播电视
000668,*ST荣控,住宅开发
000669,ST金鸿,燃气
000670,盈方微,其他电子
000672,上峰水泥,水泥制造
000676,智度股份,互联网广告
000677,ST海龙,涤纶
000678,襄阳轴承,底盘与发动机系统
000679,大连友谊,百货
000680,山推股份,工程机械整机
000681,视觉中国,文字图片媒体
000682,东方电子,电网自动化
000683,博源化工,纯碱
000685,中山公用,水务
000686,东北证券,证券
000688,国城矿业,铅锌
000690,宝新能源,火力发电
000691,*ST亚太,其他化学原料
000692,惠天热电,热力服务
000695,滨海能源,电池化学品
000697,炼石航空,航空装备
000698,ST沈化,炼油化工
000700,模塑科技,车身附件及饰件
000701,厦门信达,贸易
000702,正虹科技,畜禽饲料
000703,恒逸石化,涤纶
000705,浙江震元,医药流通
000707,双环科技,纯碱
000708,中信特钢,特钢
000709,河钢股份,板材
000710,贝瑞基因,诊断服务
000711,ST京蓝,生态修复
000712,锦龙股份,证券
000713,国投丰乐,种子
000715,中兴商业,百货
000716,黑芝麻,其他食品
000717,中南股份,长材
000718,苏宁环球,住宅开发
000719,中原传媒,大众出版
000720,新能泰山,线缆部件及其他
000721,西安饮食,餐饮
000722,湖南发展,水力发电
000723,美锦能源,焦炭加工
000725,京东方Ａ,面板
000726,鲁 泰Ａ,棉纺制品
000727,冠捷科技,面板
000728,国元证券,证券
000729,燕京啤酒,啤酒
000731,四川美丰,氮肥
000733,振华科技,军工电子
000735,罗 牛 山,生猪养殖
000736,*ST中地,住宅开发
000737,北方铜业,铜
000738,航发控制,航空装备
000739,普洛药业,原料药
000750,国海证券,证券
000751,锌业股份,铅锌
000752,*ST西发,啤酒
000753,漳州发展,综合类
000755,山西高速,高速公路
000756,新华制药,原料药
000757,浩物股份,汽车综合服务
000758,中色股份,铅锌
000759,中百集团,超市及便利店
000761,本钢板材,板材
000762,西藏矿业,锂
000766,通化金马,化学制剂
000767,晋控电力,火力发电
000768,中航西飞,航空装备
000776,广发证券,证券
000777,中核科技,机械基础件
000778,新兴铸管,其他钢材
000779,甘咨询,工程咨询服务
000782,恒申新材,锦纶
000783,长江证券,证券
000785,居然智家,商业物业经营
000786,北新建材,其他建材
000788,北大医药,化学制剂
000789,万年青,水泥制造
000790,华神科技,中药
000791,甘肃能源,水力发电
000792,盐湖股份,钾肥
000793,*ST华闻,其他出版
000795,英洛华,磁性材料
000796,凯撒旅业,旅游服务
000797,中国武夷,住宅开发
000798,中水渔业,水产捕捞
000799,酒鬼酒,白酒
000800,一汽解放,商用载货车
000801,四川九洲,其他黑色家电
000802,北京文化,影视制作
000803,山高环能,固废治理
000807,云铝股份,铝
000809,和展能源,风电零部件
000810,创维数字,其他黑色家电
000811,冰轮环境,制冷空调设备
000812,陕西金叶,纸包装
000813,德展健康,化学制剂
000815,美利云,云基础设施服务
000816,智慧农业,内燃机
000818,航锦科技,氯碱
000819,岳阳兴长,其他石化
000820,*ST节能,综合类
000821,ST京机,光伏加工设备
000822,山东海化,纯碱
000823,超声电子,PCB
000825,太钢不锈,特钢
000826,*ST启环,固废治理
000828,东莞控股,高速公路
000829,天音控股,专业连锁
000830,鲁西化工,煤化工
000831,中国稀土,稀土
000833,粤桂股份,综合类
000837,秦川机床,机床制造
000838,*ST发展,住宅开发
000839,国安股份,电信增值服务
000848,承德露露,软饮料
000850,华茂股份,棉纺制品
000852,石化机械,能源及重型设备
000856,冀东装备,其他专用设备
000858,五 粮 液,白酒
000859,国风新材,塑料薄膜
000860,顺鑫农业,白酒
000862,银星能源,风力发电
000863,三湘印象,住宅开发
000868,安凯客车,商用载客车
000869,张 裕Ａ,葡萄酒
000875,电投绿能,电能综合服务
000876,新 希 望,畜禽饲料
000877,天山股份,水泥制造
000878,云南铜业,铜
000880,潍柴重机,内燃机
000881,中广核技,其他化学制品
000882,华联股份,百货
000883,湖北能源,水力发电
000885,城发环境,固废治理
000886,海南高速,住宅开发
000887,中鼎股份,其他汽车零部件
000888,峨眉山Ａ,旅游景区
000889,中嘉博创,网络优化运维
000890,法尔胜,水治理
000892,欢瑞世纪,影视制作
000893,亚钾国际,钾肥
000895,双汇发展,肉制品
000897,津滨发展,住宅开发
000898,鞍钢股份,板材
000899,赣能股份,火力发电
000900,现代投资,高速公路
000901,航天科技,汽车电子电气系统
000902,新洋丰,复合肥
000903,ST云动,底盘与发动机系统
000905,厦门港务,港口
000906,浙商中拓,供应链服务
000908,ST景峰,化学制剂
000909,*ST数源,住宅开发
000910,大亚圣象,家具
000911,*ST广糖,制糖业
000912,泸天化,氮肥
000913,钱江摩托,摩托车
000915,华特达因,化学制剂
000917,电广传媒,其他广告营销
000919,金陵药业,化学制剂
000920,沃顿科技,其他塑料制品
000921,海信家电,空调
000922,佳电股份,电机制造
000923,河钢资源,铁矿石
000925,众合科技,轨交设备
000926,福星股份,住宅开发
000927,中国铁物,供应链服务
000928,中钢国际,国际工程
000929,*ST兰黄,啤酒
000930,中粮科技,其他农产品加工
000931,中 关 村,化学制剂
000932,华菱钢铁,板材
000933,神火股份,铝
000935,四川双马,水泥制造
000936,华西股份,涤纶
000937,冀中能源,炼焦煤
000938,紫光股份,其他IT设备
000948,南天信息,行业应用软件
000949,新乡化纤,氨纶
000950,重药控股,医药流通
000951,中国重汽,商用载货车
000952,广济药业,原料药
000953,中哲精化,原料药
000955,欣龙控股,其他纺织
000957,中通客车,商用载客车
000958,电投产融,核力发电
000959,首钢股份,板材
000960,锡业股份,其他金属
000962,东方钽业,其他金属
000963,华东医药,化学制剂
000965,天保基建,住宅开发
000966,长源电力,火力发电
000967,盈峰环境,环保设备
000968,蓝焰控股,油气开采
000969,安泰科技,其他金属新材料
000970,中科三环,磁性材料
000972,*ST中基,果蔬加工
000973,佛塑科技,塑料薄膜
000975,山金国际,黄金
000977,浪潮信息,其他IT设备
000978,桂林旅游,旅游景区
000980,众泰汽车,其他汽车零部件
000981,山子高科,底盘与发动机系统
000983,山西焦煤,炼焦煤
000985,大庆华科,合成树脂
000987,越秀资本,金融控股
000988,华工科技,激光设备
000989,九芝堂,中药
000990,诚志股份,煤化工
000993,闽东电力,水力发电
000995,皇台酒业,白酒
000997,新 大 陆,其他IT设备
000998,隆平高科,种子
000999,华润三九,中药
001201,东瑞股份,生猪养殖
001202,炬申股份,供应链服务
001203,大中矿业,铁矿石
001205,盛航股份,航运
001206,依依股份,生活用纸
001207,联科科技,炭黑
001208,华菱线缆,线缆部件及其他
001209,洪兴股份,非运动服装
001210,金房能源,热力服务
001211,双枪科技,其他家居
001212,中旗新材,其他建材
001213,中铁特货,铁路运输
001215,千味央厨,预加工食品
001216,华瓷股份,其他家居
001217,华尔泰,其他化学原料
001218,丽臣实业,其他化学制品
001219,青岛食品,烘焙食品
001220,世盟股份,跨境物流
001221,悍高集团,其他家居
001222,源飞宠物,娱乐用品
001223,欧克科技,其他专用设备
001225,和泰机电,其他专用设备
001226,拓山重工,工程机械零件
001227,兰州银行,城商行
001228,永泰运,供应链服务
001229,魅视科技,其他IT设备
001230,劲旅环境,固废治理
001231,农心科技,农药
001233,海安集团,轮胎轮毂
001234,泰慕士,运动服装
001236,弘业期货,期货
001237,惠康科技,制冷空调设备
001238,浙江正特,家具
001239,永达股份,工程机械零件
001255,博菲电气,线缆部件及其他
001256,炜冈科技,印刷包装机械
001257,盛龙股份,钨钼
001258,立新能源,风力发电
001259,利仁科技,厨房小家电
001260,坤泰股份,车身附件及饰件
001266,宏英智能,工业控制设备
001267,汇绿生态,网络接配及塔设
001268,联合精密,机械基础件
001269,欧晶科技,光伏辅材
001270,铖昌科技,军工电子
001277,速达股份,能源及重型设备
001278,一彬科技,车身附件及饰件
001279,强邦新材,印刷
001280,中国铀业,其他金属
001282,三联锻造,其他汽车零部件
001283,豪鹏科技,锂电池
001285,瑞立科密,底盘与发动机系统
001286,陕西能源,火力发电
001287,中电港,其他电子
001288,运机集团,其他专用设备
001289,龙源电力,风力发电
001296,长江材料,非金属材料
001298,好上好,其他电子
001299,美能能源,燃气
001300,三柏硕,娱乐用品
001301,尚太科技,电池化学品
001306,夏厦精密,机械基础件
001308,康冠科技,品牌消费电子
001309,德明利,集成电路设计
001311,多利科技,其他汽车零部件
001312,福恩股份,其他纺织
001313,粤海饲料,水产饲料
001314,亿道信息,消费电子组件
001316,润贝航科,贸易
001317,三羊马,铁路运输
001318,阳光乳业,乳制品
001319,铭科精技,车身附件及饰件
001322,箭牌家居,其他家居
001323,慕思股份,家具
001324,长青科技,轨交设备
001325,元创股份,橡胶制品
001326,联域股份,LED
001328,登康口腔,洗护用品
001330,博纳影业,发行院线
001331,胜通能源,燃气
001332,锡装股份,能源及重型设备
001333,光华股份,其他化学制品
001335,信凯科技,其他化学原料
001336,楚环科技,环保设备
001337,四川黄金,黄金
001338,永顺泰,啤酒
001339,智微智能,其他IT设备
001356,富岭股份,其他塑料制品
001358,兴欣新材,其他化学制品
001359,平安电工,非金属材料
001360,南矿集团,能源及重型设备
001365,天海电子,汽车电子电气系统
001366,播恩集团,畜禽饲料
001367,海森药业,原料药
001368,通达创智,娱乐用品
001369,双欣材料,其他化学纤维
001373,翔腾新材,光学元件
001376,百通能源,热力服务
001378,德冠新材,塑料薄膜
001379,腾达科技,金属制品
001380,华纬科技,底盘与发动机系统
001382,新亚电缆,线缆部件及其他
001386,马可波罗,其他家居
001387,雪祺电气,冰洗
001388,信通电子,电网自动化
001389,广合科技,PCB
001390,古麒绒材,其他纺织
001391,国货航,跨境物流
001393,维通利,配电设备
001395,亚联机械,其他专用设备
001396,誉帆科技,基建工程
001400,江顺科技,其他通用设备
001696,宗申动力,其他通用设备
001872,招商港口,港口
001896,豫能控股,火力发电
001914,招商积余,物业管理
001965,招商公路,高速公路
001979,招商蛇口,住宅开发
002001,新 和 成,食品助剂
002003,伟星股份,辅料
002004,华邦健康,农药
002005,ST德豪,厨房小家电
002006,精工科技,纺织服装设备
002007,华兰生物,血液制品
002008,大族激光,激光设备
002009,天奇股份,其他专用设备
002010,传化智联,供应链服务
002011,盾安环境,家电零部件
002012,凯恩股份,特种纸
002014,永新股份,塑料包装
002015,协鑫能科,电能综合服务
002016,世荣兆业,住宅开发
002017,东信和平,通信终端及配件
002019,亿帆医药,化学制剂
002020,京新药业,化学制剂
002021,中捷资源,纺织服装设备
002022,科华生物,诊断试剂
002023,海特高新,航空装备
002024,ST易购,综合电商
002025,航天电器,军工电子
002026,山东威达,机械基础件
002027,分众传媒,其他广告营销
002028,思源电气,输变电设备
002029,七 匹 狼,非运动服装
002030,达安基因,诊断试剂
002031,巨轮智能,其他专用设备
002032,苏 泊 尔,厨房小家电
002033,丽江股份,旅游景区
002034,旺能环境,固废治理
002035,华帝股份,厨房电器
002036,联创电子,光学元件
002037,保利联合,民爆制品
002038,双鹭药业,基因药物
002039,黔源电力,水力发电
002040,南 京 港,港口
002041,登海种业,种子
002042,华孚时尚,棉纺制品
002043,兔 宝 宝,其他建材
002044,美年健康,医院
002045,国光电器,消费电子组件
002046,国机精工,机械基础件
002047,宝鹰股份,装修装饰
002048,宁波华翔,车身附件及饰件
002049,紫光国微,集成电路设计
002050,三花智控,家电零部件
002051,中工国际,国际工程
002052,同洲电子,其他黑色家电
002053,云南能投,风力发电
002054,德美化工,纺织化学品
002055,ST得润,消费电子组件
002056,横店东磁,光伏电池组件
002057,中钢天源,磁性材料
002058,*ST威尔,锂电池
002059,云南旅游,休闲综合
002060,广东建工,基建工程
002061,浙江交科,基建工程
002062,宏润建设,基建工程
002063,远光软件,行业应用软件
002064,华峰化学,氨纶
002065,东华软件,行业应用软件
002066,瑞泰科技,耐火材料
002067,景兴纸业,大宗用纸
002068,黑猫股份,炭黑
002069,獐子岛,水产养殖
002072,凯瑞德,贸易
002073,软控股份,其他专用设备
002074,国轩高科,锂电池
002075,沙钢股份,特钢
002076,*ST星光,LED
002077,大港股份,半导体封测
002078,太阳纸业,大宗用纸
002079,苏州固锝,光伏辅材
002080,中材科技,玻纤制造
002081,金 螳 螂,装修装饰
002082,ST万邦,中药
002083,孚日股份,家纺
002084,海鸥住工,其他家居
002085,万丰奥威,轮胎轮毂
002086,东方海洋,水产养殖
002088,鲁阳节能,耐火材料
002090,金智科技,电网自动化
002091,江苏国泰,贸易
002092,中泰化学,氯碱
002093,国脉科技,教育培训
002094,青岛金王,化妆品
002095,生 意 宝,产联网平台服务
002096,易普力,民爆制品
002097,山河智能,工程机械整机
002098,浔兴股份,辅料
002099,海翔药业,原料药
002100,天康生物,畜禽饲料
002101,广东鸿图,车身附件及饰件
002102,ST能特,原料药
002103,广博股份,文化用品
002104,恒宝股份,通信终端及配件
002105,信隆健康,其他交通设备
002106,莱宝高科,光学元件
002107,沃华医药,中药
002108,沧州明珠,管材
002109,ST兴化,煤化工
002110,三钢闽光,长材
002111,威海广泰,航空装备
002112,三变科技,输变电设备
002114,罗平锌电,铅锌
002115,三维通信,互联网广告
002116,中国海诚,其他专业工程
002117,东港股份,印刷
002119,康强电子,半导体材料
002120,韵达股份,快递
002121,科陆电子,电工仪器
002122,ST汇洲,机床制造
002123,梦网科技,电信增值服务
002124,天邦食品,生猪养殖
002125,湘潭电化,其他化学原料
002126,银轮股份,底盘与发动机系统
002127,南极电商,综合电商
002128,电投能源,动力煤
002129,TCL中环,光伏硅片
002130,沃尔核材,其他电子
002131,利欧股份,互联网广告
002132,恒星科技,金属制品
002133,广宇集团,住宅开发
002134,天津普林,PCB
002135,东南网架,钢结构
002136,安 纳 达,钛白粉
002137,实益达,LED
002138,顺络电子,被动元件
002139,拓邦股份,其他电子
002140,东华科技,化学工程
002141,贤丰控股,动物保健
002142,宁波银行,城商行
002144,宏达高科,其他纺织
002145,钛能化学,钛白粉
002146,荣盛发展,住宅开发
002148,北纬科技,电信增值服务
002149,西部材料,钛
002150,正泰电源,金属制品
002151,北斗星通,军工电子
002152,广电运通,其他IT设备
002153,石基信息,云软件服务
002154,报 喜 鸟,非运动服装
002155,湖南黄金,黄金
002156,通富微电,半导体封测
002157,正邦科技,生猪养殖
002158,汉钟精机,制冷空调设备
002159,三特索道,旅游服务
002160,常铝股份,铝
002161,远 望 谷,其他通信设备
002162,悦心健康,陶瓷
002163,海南发展,装修装饰
002164,宁波东力,机械基础件
002165,红 宝 丽,聚氨酯
002166,莱茵生物,中药
002167,东方锆业,其他金属
002168,ST惠程,配电设备
002169,智光电气,电网自动化
002170,芭田股份,复合肥
002171,楚江新材,铜
002172,澳洋健康,医院
002173,创新医疗,医院
002174,游族网络,游戏
002175,*ST东智,仪器仪表
002176,江特电机,锂
002177,御银股份,商业物业经营
002178,延华智能,行业应用软件
002179,中航光电,军工电子
002180,奔图科技,其他IT设备
002181,粤 传 媒,大众出版
002182,宝武镁业,其他金属
002183,怡 亚 通,供应链服务
002184,海得控制,工业控制设备
002185,华天科技,半导体封测
002186,全 聚 德,餐饮
002187,广百股份,百货
002188,中天服务,物业管理
002189,中光学,光学元件
002190,成飞集成,其他汽车零部件
002191,劲嘉股份,纸包装
002192,融捷股份,锂
002193,ST如意,其他纺织
002194,武汉凡谷,网络接配及塔设
002195,岩山科技,产联网综合服务
002196,方正电机,电机制造
002197,证通电子,云基础设施服务
002198,ST嘉应,中药
002199,*ST东晶,被动元件
002200,*ST交投,园林工程
002201,九鼎新材,玻纤制造
002202,金风科技,风电整机
002203,海亮股份,铜
002204,大连重工,能源及重型设备
002205,国统股份,水泥制造
002206,海 利 得,涤纶
002207,*ST准油,油田服务
002208,合肥城建,住宅开发
002209,达 意 隆,印刷包装机械
002210,飞马国际,固废治理
002211,ST宏达,有机硅
002212,天融信,基础软件
002213,大为股份,集成电路设计
002214,*ST大立,军工电子
002215,诺 普 信,农药
002216,三全食品,预加工食品
002217,合力泰,消费电子组件
002218,拓日新能,光伏发电
002219,新里程,医院
002221,东华能源,其他石化
002222,福晶科技,光学元件
002223,鱼跃医疗,家用器械
002224,三 力 士,橡胶制品
002225,濮耐股份,耐火材料
002226,江南化工,民爆制品
002227,*ST特迅,其他发电设备
002228,合兴包装,纸包装
002229,鸿博股份,印刷
002230,科大讯飞,新兴软件
002232,启明信息,行业应用软件
002233,塔牌集团,水泥制造
002234,民和股份,肉鸡养殖
002235,安妮股份,特种纸
002236,大华股份,安防设备
002237,恒邦股份,黄金
002238,天威视讯,广播电视
002239,奥特佳,汽车电子电气系统
002240,盛新锂能,锂
002241,歌尔股份,消费电子组件
002242,九阳股份,厨房小家电
002243,力合科创,其他包装
002244,滨江集团,住宅开发
002245,蔚蓝锂芯,锂电池
002246,北化股份,民爆制品
002247,聚力文化,其他建材
002248,华东数控,机床制造
002249,大洋电机,电机制造
002250,联化科技,农药
002251,步步高,超市及便利店
002252,上海莱士,血液制品
002253,*ST智胜,行业应用软件
002254,泰和新材,氨纶
002255,海陆重工,其他发电设备
002256,兆新股份,光伏发电
002258,利尔化学,农药
002259,升达林业,燃气
002261,拓维信息,云软件服务
002262,恩华药业,化学制剂
002263,大东南,塑料薄膜
002264,新 华 都,电商服务
002265,建设工业,地面兵装
002266,浙富控股,固废治理
002267,陕天然气,燃气
002268,电科网安,其他IT设备
002269,美邦服饰,非运动服装
002270,华明装备,输变电设备
002271,东方雨虹,防水材料
002272,川润股份,其他通用设备
002273,水晶光电,光学元件
002274,华昌化工,复合肥
002275,桂林三金,中药
002276,万马股份,线缆部件及其他
002277,友阿股份,百货
002278,神开股份,能源及重型设备
002279,久其软件,基础软件
002281,光迅科技,网络接配及塔设
002282,博深股份,磨具磨料
002283,天润工业,底盘与发动机系统
002284,亚太股份,底盘与发动机系统
002285,世联行,租赁经纪
002286,保龄宝,制糖业
002287,奇正藏药,中药
002289,*ST宇顺,面板
002290,禾盛新材,家电零部件
002291,遥望科技,互联网广告
002292,奥飞娱乐,影视制作
002293,罗莱生活,家纺
002294,信立泰,化学制剂
002295,精艺股份,铜
002296,辉煌科技,其他通信设备
002297,博云新材,航空装备
002298,中电鑫龙,输变电设备
002299,圣农发展,肉鸡养殖
002300,太阳电缆,线缆部件及其他
002301,齐心集团,文化用品
002302,西部建设,水泥制品
002303,美盈森,纸包装
002304,洋河股份,白酒
002305,*ST南置,商业地产
002306,*ST云网,餐饮
002307,北新路桥,基建工程
002309,中利集团,光伏电池组件
002310,东方新能,光伏发电
002311,海大集团,水产饲料
002312,川发龙蟒,磷肥及磷化工
002313,日海智能,通信终端及配件
002314,南山控股,住宅开发
002315,焦点科技,跨境电商
002316,亚联发展,其他金融服务
002317,众生药业,中药
002318,久立特材,特钢
002319,乐通股份,涂料油墨
002320,海峡股份,航运
002321,华英农业,其他养殖
002322,理工能科,行业应用软件
002323,*ST雅博,钢结构
002324,普利特,改性塑料
002326,永太科技,氟化工
002327,富安娜,家纺
002328,新朋股份,车身附件及饰件
002329,皇氏集团,乳制品
002330,得利斯,肉制品
002331,皖通科技,行业应用软件
002332,仙琚制药,化学制剂
002333,罗普斯金,其他建材
002334,英威腾,工业控制设备
002335,科华数据,其他发电设备
002337,赛象科技,其他专用设备
002338,奥普光电,军工电子
002339,积成电子,电网自动化
002340,格林美,电池化学品
002342,巨力索具,金属制品
002343,慈文传媒,影视制作
002344,海宁皮城,商业物业经营
002345,潮宏基,钟表珠宝
002346,柘中股份,配电设备
002347,泰尔股份,机械基础件
002348,高乐股份,娱乐用品
002349,精华制药,中药
002350,北京科锐,配电设备
002351,漫步者,消费电子组件
002352,顺丰控股,快递
002353,杰瑞股份,能源及重型设备
002354,天娱数科,互联网广告
002355,兴民智通,轮胎轮毂
002356,赫美集团,多业态零售
002357,富临运业,公共交通
002358,森源电气,输变电设备
002360,ST同德,民爆制品
002361,神剑股份,合成树脂
002362,汉王科技,新兴软件
002363,隆基机械,底盘与发动机系统
002364,中恒电气,其他发电设备
002365,永安药业,原料药
002366,融发核电,能源及重型设备
002367,康力电梯,楼宇设备
002368,太极股份,行业应用软件
002369,卓翼科技,通信终端及配件
002370,亚太药业,化学制剂
002371,北方华创,半导体设备
002372,伟星新材,管材
002373,千方科技,行业应用软件
002374,中锐股份,金属包装
002375,亚厦股份,装修装饰
002376,新北洋,其他IT设备
002377,国创高新,其他建材
002378,章源钨业,钨钼
002379,宏桥控股,铝
002380,科远智慧,行业应用软件
002381,双箭股份,橡胶制品
002382,蓝帆医疗,医疗耗材
002383,合众思壮,其他通信设备
002384,东山精密,PCB
002385,大北农,畜禽饲料
002386,天原股份,氯碱
002387,维信诺,面板
002388,新亚制程,其他电子
002389,航天彩虹,航空装备
002390,信邦制药,医药流通
002391,长青股份,农药
002392,北京利尔,耐火材料
002393,力生制药,化学制剂
002394,联发股份,棉纺制品
002395,双象股份,合成革
002396,星网锐捷,系统设备
002397,梦洁股份,家纺
002398,垒知集团,其他建材
002399,海普瑞,原料药
002400,省广集团,互联网广告
002401,中远海科,行业应用软件
002402,和而泰,其他电子
002403,爱仕达,厨房小家电
002404,嘉欣丝绸,其他纺织
002405,四维图新,行业应用软件
002406,远东传动,底盘与发动机系统
002407,多氟多,氟化工
002408,齐翔腾达,有机化工原料
002409,雅克科技,半导体材料
002410,广联达,云软件服务
002412,汉森制药,中药
002413,雷科防务,军工电子
002414,高德红外,军工电子
002415,海康威视,安防设备
002416,爱施德,专业连锁
002418,康盛股份,家电零部件
002419,天虹股份,百货
002420,毅昌科技,家电零部件
002421,达实智能,行业应用软件
002422,科伦药业,化学制剂
002423,中粮资本,金融控股
002424,ST百灵,中药
002425,凯撒文化,游戏
002426,胜利精密,消费电子组件
002427,尤夫股份,涤纶
002428,云南锗业,其他金属
002429,兆驰股份,电视
002430,杭氧股份,其他专用设备
002431,ST棕榈,园林工程
002432,九安医疗,家用器械
002434,万里扬,底盘与发动机系统
002436,兴森科技,PCB
002437,誉衡药业,化学制剂
002438,江苏神通,机械基础件
002439,启明星辰,基础软件
002440,闰土股份,纺织化学品
002441,众业达,配电设备
002442,龙星科技,炭黑
002443,金洲管道,特钢
002444,巨星科技,其他通用设备
002445,中南文化,金属制品
002446,盛路通信,军工电子
002448,中原内配,底盘与发动机系统
002449,国星光电,LED
002451,摩恩电气,线缆部件及其他
002452,长高电新,输变电设备
002453,华软科技,其他化学制品
002454,松芝股份,汽车电子电气系统
002455,百川股份,有机化工原料
002456,欧菲光,消费电子组件
002457,青龙管业,管材
002458,益生股份,肉鸡养殖
002459,晶澳科技,光伏电池组件
002460,赣锋锂业,锂
002461,珠江啤酒,啤酒
002462,嘉事堂,医药流通
002463,沪电股份,PCB
002465,海格通信,军工电子
002466,天齐锂业,锂
002467,二六三,电信增值服务
002468,申通快递,快递
002469,三维化学,有机化工原料
002470,金正大,复合肥
002471,中超控股,线缆部件及其他
002472,双环传动,底盘与发动机系统
002474,榕基软件,行业应用软件
002475,立讯精密,消费电子组件
002476,宝莫股份,其他化学制品
002478,常宝股份,特钢
002479,富春环保,热力服务
002480,新筑股份,轨交设备
002481,双塔食品,其他农产品加工
002482,广田集团,装修装饰
002483,润邦股份,能源及重型设备
002484,江海股份,被动元件
002485,ST雪发,贸易
002486,嘉麟杰,非运动服装
002487,大金重工,风电零部件
002488,金固股份,轮胎轮毂
002489,浙江永强,家具
002490,山东墨龙,能源及重型设备
002491,通鼎互联,光纤光缆
002492,恒基达鑫,仓储物流
002493,荣盛石化,涤纶
002494,华斯股份,非运动服装
002495,佳隆股份,调味品
002496,*ST辉丰,农药
002497,雅化集团,锂
002498,汉缆股份,线缆部件及其他
002500,山西证券,证券
002501,*ST利源,铝
002506,协鑫集成,光伏电池组件
002507,涪陵榨菜,调味品
002508,老板电器,厨房电器
002510,天汽模,其他汽车零部件
002511,中顺洁柔,生活用纸
002512,ST达华,其他IT设备
002513,蓝丰生化,光伏电池组件
002514,*ST宝馨,金属制品
002515,金字火腿,肉制品
002516,旷达科技,车身附件及饰件
002517,恺英网络,游戏
002518,科士达,其他发电设备
002519,银河电子,地面兵装
002520,日发精机,机床制造
002521,齐峰新材,特种纸
002522,浙江众成,塑料薄膜
002523,天桥起重,能源及重型设备
002524,光正眼科,医院
002526,山东矿机,能源及重型设备
002527,新时达,工业控制设备
002528,*ST英飞,安防设备
002529,*ST海源,其他专用设备
002530,金财互联,其他通用设备
002531,天顺风能,风电零部件
002532,天山铝业,铝
002533,金杯电工,线缆部件及其他
002534,西子洁能,其他发电设备
002535,林州重机,能源及重型设备
002536,飞龙股份,底盘与发动机系统
002537,海联金汇,车身附件及饰件
002538,ST司特,复合肥
002539,云图控股,复合肥
002540,亚太科技,铝
002541,鸿路钢构,钢结构
002542,*ST中岩,其他专业工程
002543,万和电气,厨房电器
002544,普天科技,网络规划设计
002545,东方铁塔,钾肥
002546,新联电子,电工仪器
002547,*ST春兴,其他汽车零部件
002548,金新农,畜禽饲料
002549,凯美特气,大气治理
002550,千红制药,其他生物制药
002551,尚荣医疗,其他医疗服务
002552,宝鼎科技,PCB
002553,南方精工,底盘与发动机系统
002554,惠博普,油气工程
002555,三七互娱,游戏
002556,辉隆股份,复合肥
002557,洽洽食品,零食
002558,巨人网络,游戏
002559,亚威股份,机床制造
002560,通达股份,线缆部件及其他
002561,徐家汇,百货
002562,兄弟科技,食品助剂
002563,森马服饰,非运动服装
002564,天沃科技,其他专用设备
002565,顺灏股份,纸包装
002566,益盛药业,中药
002567,唐人神,畜禽饲料
002568,百润股份,其他酒类
002569,*ST步森,非运动服装
002570,贝因美,乳制品
002571,德力股份,其他家居
002572,索菲亚,家具
002573,清新环境,水治理
002574,明牌珠宝,钟表珠宝
002575,群兴玩具,综合类
002576,通达动力,电机制造
002577,雷柏科技,其他IT设备
002578,闽发铝业,铝
002579,中京电子,PCB
002580,圣阳股份,其他电池
002581,*ST未名,其他生物制药
002582,好想你,零食
002583,海能达,其他通信设备
002584,西陇科学,其他化学制品
002585,双星新材,塑料薄膜
002586,ST围海,基建工程
002587,奥拓电子,LED
002588,史丹利,复合肥
002589,瑞康医药,医药流通
002590,万安科技,底盘与发动机系统
002591,恒大高新,环保设备
002592,ST八菱,车身附件及饰件
002593,日上集团,钢结构
002594,比亚迪,电动乘用车
002595,豪迈科技,其他专用设备
002596,海南瑞泽,水泥制品
002597,金禾实业,食品助剂
002598,ST章鼓,其他通用设备
002599,盛通股份,印刷
002600,领益智造,消费电子组件
002601,龙佰集团,钛白粉
002602,世纪华通,游戏
002603,以岭药业,中药
002605,姚记科技,游戏
002606,大连电瓷,线缆部件及其他
002607,中公教育,教育培训
002608,江苏国信,火力发电
002609,捷顺科技,行业应用软件
002611,东方精工,印刷包装机械
002612,朗姿股份,非运动服装
002613,北玻股份,其他专用设备
002614,奥佳华,个护小家电
002615,哈尔斯,其他家居
002616,长青集团,电能综合服务
002617,露笑科技,线缆部件及其他
002620,*ST瑞和,装修装饰
002622,皓宸医疗,医院
002623,亚玛顿,光伏辅材
002624,完美世界,游戏
002625,光启技术,航空装备
002626,金达威,保健品
002627,三峡旅游,旅游景区
002628,成都路桥,基建工程
002629,仁智股份,油田服务
002630,*ST华西,其他发电设备
002631,德尔未来,家具
002632,道明光学,塑料薄膜
002633,申科股份,机械基础件
002634,*ST棒杰,鞋帽及其他
002635,安洁科技,消费电子组件
002636,金安国纪,PCB
002637,赞宇科技,洗护用品
002638,勤上股份,LED
002639,雪人集团,制冷空调设备
002640,跨境通,跨境电商
002641,公元股份,管材
002642,荣联科技,行业应用软件
002643,万润股份,半导体材料
002644,佛慈制药,中药
002645,华宏科技,环保设备
002646,天佑德酒,白酒
002647,仁东控股,其他金融服务
002648,卫星化学,有机化工原料
002649,博彦科技,行业应用软件
002650,ST加加,调味品
002651,利君股份,航空装备
002652,扬子新材,其他建材
002653,海思科,化学制剂
002654,万润科技,其他广告营销
002655,共达电声,消费电子组件
002656,*ST摩登,非运动服装
002657,中科金财,行业应用软件
002658,雪迪龙,环境监测
002659,凯文教育,教育培训
002660,茂硕电源,消费电子组件
002661,克明食品,其他农产品加工
002662,峰璟股份,车身附件及饰件
002663,普邦股份,园林工程
002664,信质集团,汽车电子电气系统
002666,德联集团,其他化学制品
002667,*ST威领,锂
002668,TCL智家,冰洗
002669,康达新材,胶黏剂及胶带
002670,国盛证券,证券
002671,龙泉股份,水泥制品
002672,东江环保,固废治理
002673,西部证券,证券
002674,兴业科技,辅料
002675,东诚药业,化学制剂
002676,顺威股份,家电零部件
002677,浙江美大,厨房电器
002678,珠江钢琴,娱乐用品
002679,福建金森,林业
002681,奋达科技,消费电子组件
002682,龙洲股份,供应链服务
002683,广东宏大,民爆制品
002685,华东重机,机床制造
002686,亿利达,其他通用设备
002687,乔治白,非运动服装
002688,金河生物,动物保健
002689,ST远智,楼宇设备
002690,美亚光电,其他专用设备
002691,*ST冀凯,能源及重型设备
002692,远程股份,线缆部件及其他
002693,双成药业,其他生物制药
002694,*ST顾地,管材
002695,煌上煌,熟食
002696,百洋股份,水产饲料
002697,红旗连锁,超市及便利店
002698,博实股份,其他专用设备
002700,万憬能源,燃气
002701,奥瑞金,金属包装
002702,海欣食品,预加工食品
002703,浙江世宝,底盘与发动机系统
002705,新宝股份,厨房小家电
002706,良信股份,配电设备
002707,众信旅游,旅游服务
002708,光洋股份,底盘与发动机系统
002709,天赐材料,电池化学品
002712,思美传媒,互联网广告
002713,*ST东易,装修装饰
002714,牧原股份,生猪养殖
002715,登云股份,底盘与发动机系统
002716,湖南白银,白银
002717,*ST岭南,生态修复
002718,友邦吊顶,其他建材
002719,ST麦趣,乳制品
002721,金一文化,钟表珠宝
002722,物产金轮,金属制品
002723,小崧股份,个护小家电
002724,海洋王,LED
002725,跃岭股份,轮胎轮毂
002726,ST龙大,肉制品
002727,一心堂,线下药店
002728,特一药业,中药
002729,好利科技,其他电子
002730,电光科技,能源及重型设备
002731,ST萃华,钟表珠宝
002732,燕塘乳业,乳制品
002733,雄韬股份,燃料电池
002734,利民股份,农药
002735,王子新材,塑料包装
002736,国信证券,证券
002737,葵花药业,中药
002738,中矿资源,锂
002739,儒意电影,发行院线
002741,光华科技,半导体材料
002742,三圣股份,水泥制品
002743,富煌钢构,钢结构
002745,木林森,LED
002746,仙坛股份,肉鸡养殖
002747,埃斯顿,机器人
002748,世龙实业,塑料助剂
002749,国光股份,农药
002752,昇兴股份,金属包装
002753,永东股份,炭黑
002755,奥赛康,化学制剂
002756,永兴材料,锂
002757,南兴股份,其他专用设备
002758,浙农股份,贸易
002759,天际股份,电池化学品
002760,凤形股份,磨具磨料
002761,浙江建投,房屋建设
002762,*ST金比,非运动服装
002763,汇洁股份,鞋帽及其他
002765,蓝黛科技,面板
002766,索菱股份,汽车电子电气系统
002767,先锋电子,仪器仪表
002768,国恩股份,改性塑料
002769,普路通,供应链服务
002771,真视通,行业应用软件
002772,众兴菌业,食用菌
002773,康弘药业,化学制剂
002774,快意电梯,楼宇设备
002775,文科股份,园林工程
002777,久远银海,行业应用软件
002778,中晟高科,水治理
002779,中坚科技,农用机械
002780,三夫户外,运动服装
002782,可立克,消费电子组件
002783,凯龙股份,民爆制品
002785,万里石,其他建材
002786,银宝山新,其他专用设备
002787,华源控股,金属包装
002788,鹭燕医药,医药流通
002789,*ST建艺,装修装饰
002790,瑞尔特,其他家居
002791,坚朗五金,其他建材
002792,通宇通讯,网络接配及塔设
002793,罗欣药业,化学制剂
002795,永和智控,机械基础件
002796,世嘉科技,其他通信设备
002797,第一创业,证券
002798,帝欧水华,其他家居
002799,环球印务,纸包装
002800,天顺股份,供应链服务
002801,微光股份,电机制造
002802,洪汇新材,合成树脂
002803,吉宏股份,跨境电商
002805,丰元股份,电池化学品
002806,华锋股份,其他汽车零部件
002807,江阴银行,农商行
002808,*ST恒久,光学元件
002809,红墙股份,其他化学制品
002810,山东赫达,其他化学制品
002811,郑中设计,装修装饰
002812,恩捷股份,电池化学品
002813,路畅科技,汽车电子电气系统
002815,崇达技术,PCB
002816,*ST和科,其他专用设备
002817,黄山胶囊,原料药
002818,富森美,商业物业经营
002819,东方中科,仪器仪表
002820,桂发祥,烘焙食品
002821,凯莱英,医疗研发外包
002822,ST中装,装修装饰
002823,凯中精密,电机制造
002824,和胜股份,铝
002825,纳尔股份,其他塑料制品
002826,易明医药,化学制剂
002827,高争民爆,民爆制品
002828,贝肯能源,油田服务
002829,星网宇达,航天装备
002830,名雕股份,装修装饰
002831,裕同科技,纸包装
002832,比音勒芬,运动服装
002833,弘亚数控,其他专用设备
002835,同为股份,安防设备
002836,新宏泽,纸包装
002837,英维克,其他专用设备
002838,道恩股份,改性塑料
002839,张家港行,农商行
002840,华统股份,肉制品
002841,视源股份,品牌消费电子
002842,翔鹭钨业,钨钼
002843,泰嘉股份,金属制品
002845,同兴达,面板
002846,英联股份,金属包装
002847,盐津铺子,零食
002848,*ST高斯,其他黑色家电
002849,威星智能,仪器仪表
002850,科达利,锂电池
002851,麦格米特,其他发电设备
002852,道道全,粮油加工
002853,皮阿诺,家具
002855,捷荣技术,消费电子组件
002856,*ST美芝,装修装饰
002857,三晖电气,电工仪器
002858,力盛体育,体育
002859,洁美科技,被动元件
002860,星帅尔,家电零部件
002861,瀛通通讯,消费电子组件
002862,实丰文化,娱乐用品
002863,今飞凯达,轮胎轮毂
002864,盘龙药业,中药
002865,钧达股份,光伏电池组件
002866,传艺科技,消费电子组件
002867,周大生,钟表珠宝
002868,绿康生化,动物保健
002869,金溢科技,其他电子
002870,香山股份,车身附件及饰件
002871,伟隆股份,机械基础件
002872,ST天圣,医药流通
002873,新天药业,中药
002875,安奈儿,非运动服装
002876,三利谱,光学元件
002877,智能自控,机械基础件
002878,元隆雅图,其他广告营销
002879,长缆科技,线缆部件及其他
002880,卫光生物,血液制品
002881,美格智能,消费电子组件
002882,金龙羽,线缆部件及其他
002883,*ST中设,工程咨询服务
002884,凌霄泵业,机械基础件
002885,京泉华,其他电子
002886,沃特股份,改性塑料
002887,绿茵生态,生态修复
002888,惠威科技,消费电子组件
002889,东方嘉盛,供应链服务
002890,弘宇股份,农用机械
002891,中宠股份,宠物食品
002892,科力尔,电机制造
002893,京能热力,热力服务
002895,川恒股份,磷肥及磷化工
002896,中大力德,机械基础件
002897,意华股份,网络接配及塔设
002898,*ST赛隆,化学制剂
002899,英派斯,娱乐用品
002900,哈三联,化学制剂
002901,大博医疗,医疗耗材
002902,铭普光磁,网络接配及塔设
002903,宇环数控,机床制造
002905,金逸影视,发行院线
002906,华阳集团,汽车电子电气系统
002907,华森制药,中药
002908,德生科技,行业应用软件
002909,集泰股份,胶黏剂及胶带
002910,庄园牧场,乳制品
002911,佛燃能源,燃气
002912,中新赛克,其他IT设备
002913,奥士康,PCB
002915,中欣氟材,氟化工
002916,深南电路,PCB
002917,金奥博,民爆制品
002918,蒙娜丽莎,陶瓷
002919,名臣健康,游戏
002920,德赛西威,汽车电子电气系统
002921,联诚精密,其他汽车零部件
002922,伊戈尔,输变电设备
002923,润都股份,化学制剂
002925,盈趣科技,消费电子组件
002926,华西证券,证券
002927,泰永长征,配电设备
002928,华夏航空,航空运输
002929,润建股份,网络工程施工
002930,宏川智慧,仓储物流
002931,锋龙股份,机械基础件
002932,*ST明德,诊断试剂
002933,新兴装备,航空装备
002935,天奥电子,军工电子
002936,郑州银行,城商行
002937,兴瑞科技,消费电子组件
002938,鹏鼎控股,PCB
002939,长城证券,证券
002940,昂利康,化学制剂
002941,新疆交建,基建工程
002942,新农股份,农药
002943,宇晶股份,机床制造
002945,华林证券,证券
002946,新乳业,乳制品
002947,恒铭达,消费电子组件
002948,青岛银行,城商行
002949,华阳国际,工程咨询服务
002950,奥美医疗,医疗耗材
002951,金时科技,纸包装
002952,亚世光电,面板
002953,日丰股份,线缆部件及其他
002955,鸿合科技,品牌消费电子
002956,西麦食品,其他食品
002957,科瑞技术,工业控制设备
002958,青农商行,农商行
002959,小熊电器,厨房小家电
002960,青鸟智控,楼宇设备
002961,瑞达期货,期货
002962,五方光电,光学元件
002963,豪尔赛,装修装饰
002965,祥鑫科技,其他汽车零部件
002966,苏州银行,城商行
002967,广电计量,检测服务
002968,新大正,物业管理
002969,嘉美包装,金属包装
002970,锐明技术,其他IT设备
002971,和远气体,其他化学制品
002972,科安达,轨交设备
002973,侨银股份,固废治理
002975,博杰股份,工业控制设备
002976,瑞玛精密,其他汽车零部件
002977,*ST天箭,军工电子
002978,安宁股份,钛
002979,雷赛智能,工业控制设备
002980,华盛昌,电工仪器
002981,朝阳科技,消费电子组件
002982,湘佳股份,肉鸡养殖
002983,芯瑞达,LED
002984,森麒麟,轮胎轮毂
002985,北摩高科,航空装备
002986,宇新股份,有机化工原料
002987,京北方,行业应用软件
002988,豪美新材,铝
002989,中天精装,装修装饰
002990,盛视科技,行业应用软件
002991,甘源食品,零食
002992,宝明科技,LED
002993,奥海科技,消费电子组件
002995,天地在线,互联网广告
002996,顺博合金,铝
002997,瑞鹄模具,其他汽车零部件
002998,优彩资源,涤纶
002999,天禾股份,复合肥
003000,劲仔食品,零食
003001,中岩大地,其他专业工程
003002,壶化股份,民爆制品
003003,天元股份,其他包装
003004,声迅股份,安防设备
003005,竞业达,行业应用软件
003006,百亚股份,生活用纸
003007,直真科技,云软件服务
003008,开普检测,检测服务
003009,中天火箭,航天装备
003010,若羽臣,电商服务
003011,海象新材,家具
003012,东鹏控股,陶瓷
003013,地铁设计,工程咨询服务
003015,日久光电,光学元件
003016,欣贺股份,非运动服装
003017,大洋生物,无机盐
003018,金富科技,塑料包装
003019,宸展光电,面板
003020,立方制药,化学制剂
003021,兆威机电,电机制造
003022,联泓新科,光伏辅材
003023,彩虹集团,个护小家电
003025,思进智能,机床制造
003026,中晶科技,半导体材料
003027,同兴科技,大气治理
003028,振邦智能,其他电子
003029,吉大正元,基础软件
003030,祖名股份,其他农产品加工
003031,中瓷电子,其他电子
003032,*ST传智,教育培训
003033,征和工业,其他汽车零部件
003035,南网能源,电能综合服务
003036,泰坦股份,纺织服装设备
003037,三和管桩,水泥制品
003038,鑫铂股份,铝
003039,顺控发展,水务
003040,楚天龙,通信终端及配件
003041,真爱美家,家纺
003042,中农联合,农药
003043,华亚智能,半导体设备
003816,中国广核,核力发电
300001,特锐德,输变电设备
300002,神州泰岳,游戏
300003,乐普医疗,医疗耗材
300004,南风股份,其他通用设备
300005,探路者,运动服装
300006,莱美药业,化学制剂
300007,汉威科技,仪器仪表
300008,天海防务,航海装备
300009,安科生物,基因药物
300010,ST豆神,教育培训
300011,鼎汉技术,轨交设备
300012,华测检测,检测服务
300013,新宁物流,供应链服务
300014,亿纬锂能,锂电池
300015,爱尔眼科,医院
300016,北陆药业,化学制剂
300017,网宿科技,云基础设施服务
300018,中元股份,电网自动化
300019,硅宝科技,有机硅
300020,ST银江,行业应用软件
300021,大禹节水,其他专业工程
300022,吉峰科技,专业连锁
300024,机器人,机器人
300025,华星创业,网络优化运维
300026,红日药业,中药
300027,ST华谊,影视制作
300029,*ST天龙,其他专业工程
300030,阳普医疗,医疗设备
300031,宝通科技,游戏
300032,金龙机电,消费电子组件
300033,同花顺,行业应用软件
300034,钢研高纳,航空装备
300035,中科电气,电池化学品
300036,超图软件,行业应用软件
300037,新宙邦,电池化学品
300039,上海凯宝,中药
300040,九洲集团,电能综合服务
300041,回天新材,胶黏剂及胶带
300042,朗科科技,其他IT设备
300043,星辉娱乐,游戏
300044,*ST赛为,行业应用软件
300045,华力创通,军工电子
300046,台基股份,功率半导体
300047,天源迪科,行业应用软件
300048,合康新能,输变电设备
300049,福瑞医科,医疗设备
300050,世纪鼎利,网络优化运维
300051,琏升科技,综合类
300052,中青宝,游戏
300053,航宇微,集成电路设计
300054,鼎龙股份,半导体材料
300055,万邦达,其他石化
300056,中创环保,大气治理
300057,万顺新材,铝
300058,蓝色光标,互联网广告
300059,东方财富,证券
300061,旗天科技,其他广告营销
300062,中能电气,输变电设备
300063,天龙集团,互联网广告
300065,海兰信,航海装备
300066,三川智慧,仪器仪表
300067,安诺其,纺织化学品
300068,ST南都,其他电池
300069,金利华电,线缆部件及其他
300070,碧水源,水治理
300071,福石控股,互联网广告
300072,海新能科,其他化学制品
300073,当升科技,电池化学品
300074,华平股份,行业应用软件
300075,数字政通,行业应用软件
300076,*ST宁视,面板
300077,国民技术,集成电路设计
300078,思创智联,行业应用软件
300079,数码视讯,行业应用软件
300080,易成新能,光伏电池组件
300081,ST恒信,电信增值服务
300082,奥克股份,有机化工原料
300083,创世纪,机床制造
300084,海默科技,能源及重型设备
300085,银之杰,行业应用软件
300086,康芝药业,化学制剂
300087,荃银高科,种子
300088,长信科技,光学元件
300091,*ST金灵,其他通用设备
300092,科新机电,能源及重型设备
300093,*ST金刚,光伏辅材
300094,国联水产,水产养殖
300095,华伍股份,能源及重型设备
300096,ST易联众,行业应用软件
300097,智云股份,其他专用设备
300098,高新兴,行业应用软件
300099,尤洛卡,能源及重型设备
300100,双林股份,车身附件及饰件
300101,振芯科技,军工电子
300102,乾照光电,LED
300103,达刚控股,其他专用设备
300105,龙源技术,环保设备
300106,西部牧业,乳制品
300107,建新股份,纺织化学品
300109,新开源,其他化学制品
300110,华仁药业,化学制剂
300111,向日葵,化学制剂
300112,万讯自控,仪器仪表
300113,顺网科技,游戏
300115,长盈精密,消费电子组件
300118,东方日升,光伏电池组件
300119,瑞普生物,动物保健
300120,经纬辉开,面板
300121,阳谷华泰,橡胶助剂
300122,智飞生物,疫苗
300123,ST亚光,军工电子
300124,汇川技术,工业控制设备
300125,*ST聆达,光伏电池组件
300126,锐奇股份,其他通用设备
300127,银河磁体,磁性材料
300128,锦富技术,光学元件
300129,泰胜风能,风电零部件
300130,新国都,其他IT设备
300131,英唐智控,其他电子
300132,青松股份,化妆品
300133,华策影视,影视制作
300134,大富科技,网络接配及塔设
300135,宝利国际,其他石化
300136,信维通信,消费电子组件
300137,先河环保,环境监测
300138,晨光生物,其他农产品加工
300139,晓程科技,黄金
300140,节能环境,固废治理
300141,和顺电气,配电设备
300142,沃森生物,疫苗
300143,盈康生命,医院
300144,宋城演艺,旅游景区
300145,南方泵业,机械基础件
300146,汤臣倍健,保健品
300147,*ST香雪,中药
300148,天舟文化,教育出版
300149,睿智医药,医疗研发外包
300150,世纪瑞尔,行业应用软件
300151,昌红科技,其他专用设备
300152,*ST动力,环保设备
300153,科泰电源,其他发电设备
300154,瑞凌股份,其他通用设备
300155,安居宝,安防设备
300157,新锦动力,其他通用设备
300158,振东制药,化学制剂
300159,*ST新研,农用机械
300160,秀强股份,家电零部件
300161,华中数控,机床制造
300162,雷曼光电,LED
300163,先锋新材,其他家居
300164,通源石油,油气工程
300165,天瑞仪器,仪器仪表
300166,东方国信,行业应用软件
300167,ST迪威迅,行业应用软件
300168,万达信息,行业应用软件
300169,天晟新材,其他塑料制品
300170,汉得信息,云平台服务
300171,东富龙,制药装备
300172,中电环保,水治理
300173,ST福能,锂电设备
300174,元力股份,其他化学制品
300175,ST朗源,果蔬加工
300176,鸿特科技,底盘与发动机系统
300177,中海达,军工电子
300179,四方达,磨具磨料
300180,华峰超纤,合成革
300181,佐力药业,中药
300182,捷成股份,影视制作
300183,东软载波,其他通信设备
300184,力源信息,其他电子
300185,通裕重工,风电零部件
300187,永清环保,生态修复
300188,国投智能,基础软件
300189,神农种业,种子
300190,维尔利,固废治理
300191,潜能恒信,油田服务
300192,科德教育,教育培训
300193,佳士科技,其他通用设备
300194,福安药业,化学制剂
300195,长荣股份,印刷包装机械
300196,长海股份,玻纤制造
300197,节能铁汉,生态修复
300198,*ST纳川,管材
300199,翰宇药业,化学制剂
300200,高盟新材,胶黏剂及胶带
300201,海伦哲,工程机械整机
300203,聚光科技,仪器仪表
300204,舒泰神,其他生物制药
300205,*ST天喻,通信终端及配件
300206,理邦仪器,医疗设备
300207,欣旺达,锂电池
300209,行云科技,跨境电商
300210,森远股份,其他专用设备
300211,*ST亿通,其他通信设备
300212,*ST易录,行业应用软件
300213,佳讯飞鸿,其他通信设备
300214,日科化学,塑料助剂
300215,电科院,检测服务
300217,东方电热,家电零部件
300218,安利股份,合成革
300219,鸿利智汇,LED
300220,金运激光,激光设备
300221,银禧科技,改性塑料
300222,科大智能,电网自动化
300223,北京君正,集成电路设计
300224,正海磁材,磁性材料
300225,*ST金泰,涂料油墨
300226,上海钢联,产联网平台服务
300227,光韵达,激光设备
300228,富瑞特装,其他专用设备
300229,拓尔思,行业应用软件
300230,永利股份,其他塑料制品
300231,银信科技,行业应用软件
300232,洲明科技,LED
300233,金城医药,化学制剂
300234,开尔新材,陶瓷
300235,方直科技,行业应用软件
300236,上海新阳,半导体材料
300237,ST美晨,其他汽车零部件
300238,冠昊生物,医疗耗材
300239,东宝生物,其他生物制药
300240,飞力达,供应链服务
300241,瑞丰光电,LED
300242,佳云科技,互联网广告
300243,瑞丰高材,塑料助剂
300244,迪安诊断,诊断服务
300245,ST天玑,行业应用软件
300246,宝莱特,医疗设备
300247,融捷健康,个护小家电
300248,新开普,行业应用软件
300249,依米康,其他IT设备
300250,初灵信息,行业应用软件
300251,光线传媒,影视制作
300252,金信诺,军工电子
300253,卫宁健康,行业应用软件
300254,仟源医药,化学制剂
300255,常山药业,其他生物制药
300256,星星科技,消费电子组件
300257,开山股份,其他通用设备
300258,精锻科技,底盘与发动机系统
300259,新天科技,仪器仪表
300260,新莱应材,金属制品
300261,雅本化学,农药
300263,隆华科技,其他通用设备
300264,佳创视讯,行业应用软件
300265,通光线缆,线缆部件及其他
300266,兴源环境,水治理
300267,尔康制药,原料药
300268,佳沃食品,其他农产品加工
300269,联建光电,LED
300270,中威电子,安防设备
300271,华宇软件,行业应用软件
300272,开能健康,厨房小家电
300274,阳光电源,光伏逆变器
300275,梅安森,能源及重型设备
300276,三丰智能,其他专用设备
300277,汽轮科技,其他通用设备
300278,华昌达,工业控制设备
300279,和晶科技,消费电子组件
300281,金明精机,其他专用设备
300283,温州宏丰,配电设备
300284,苏交科,工程咨询服务
300285,国瓷材料,其他化学制品
300286,安科瑞,电工仪器
300287,飞利信,行业应用软件
300288,朗玛信息,行业应用软件
300289,利德曼,诊断试剂
300290,荣科科技,行业应用软件
300291,百纳千成,影视制作
300292,吴通控股,电信增值服务
300293,蓝英装备,其他专用设备
300294,博雅生物,血液制品
300295,*ST三六,文字图片媒体
300296,利亚德,LED
300298,三诺生物,家用器械
300299,富春股份,游戏
300300,海峡创新,行业应用软件
300301,ST长方,LED
300302,同有科技,其他IT设备
300303,聚飞光电,LED
300304,云意电气,汽车电子电气系统
300305,裕兴股份,塑料薄膜
300306,远方信息,仪器仪表
300307,慈星股份,纺织服装设备
300308,中际旭创,网络接配及塔设
300310,宜通世纪,网络优化运维
300311,ST任子行,基础软件
300313,*ST天山,其他养殖
300314,戴维医疗,医疗设备
300315,掌趣科技,游戏
300316,晶盛机电,光伏加工设备
300317,珈伟新能,光伏发电
300318,博晖创新,诊断试剂
300319,麦捷科技,被动元件
300320,海达股份,橡胶制品
300321,同大股份,合成革
300322,硕贝德,消费电子组件
300323,华灿光电,LED
300324,旋极信息,行业应用软件
300326,ST凯利,医疗耗材
300327,中颖电子,集成电路设计
300328,宜安科技,其他金属
300329,海伦钢琴,娱乐用品
300331,苏大维格,光学元件
300332,天壕能源,燃气
300333,兆日科技,其他IT设备
300334,津膜科技,环保设备
300335,迪森股份,热力服务
300337,银邦股份,铝
300338,*ST开元,教育培训
300339,润和软件,行业应用软件
300340,科恒股份,电池化学品
300341,麦克奥迪,输变电设备
300342,天银机电,家电零部件
300343,ST联创,氟化工
300345,华民股份,光伏硅料
300346,南大光电,半导体材料
300347,泰格医药,医疗研发外包
300348,长亮科技,行业应用软件
300349,金卡智能,仪器仪表
300350,华鹏飞,供应链服务
300351,永贵电器,轨交设备
300352,ST信源,基础软件
300353,东土科技,其他通信设备
300354,东华测试,仪器仪表
300355,蒙草生态,生态修复
300357,我武生物,其他生物制药
300358,楚天科技,制药装备
300359,全通教育,教育培训
300360,炬华科技,电工仪器
300363,博腾股份,医疗研发外包
300364,中文在线,其他出版
300365,恒华科技,行业应用软件
300366,ST创意,行业应用软件
300368,汇金股份,其他IT设备
300369,绿盟科技,基础软件
300370,安控科技,仪器仪表
300371,汇中股份,仪器仪表
300373,扬杰科技,功率半导体
300374,中铁装配,其他建材
300375,鹏翎股份,底盘与发动机系统
300376,易事特,其他发电设备
300377,赢时胜,行业应用软件
300378,鼎捷数智,基础软件
300380,安硕信息,行业应用软件
300381,溢多利,原料药
300382,斯莱克,印刷包装机械
300383,光环新网,云基础设施服务
300384,三联虹普,化学工程
300385,ST雪浪,大气治理
300386,飞天诚信,其他IT设备
300387,富邦科技,复合肥
300388,节能国祯,水治理
300389,艾比森,LED
300390,天华新能,锂
300393,中来股份,光伏电池组件
300394,天孚通信,网络接配及塔设
300395,菲利华,玻璃制造
300396,ST迪瑞,体外诊断
300397,天和防务,军工电子
300398,飞凯材料,半导体材料
300399,天利科技,行业应用软件
300400,劲拓股份,其他专用设备
300401,花园生物,原料药
300402,宝色股份,金属制品
300403,汉宇集团,家电零部件
300404,博济医药,医疗研发外包
300405,科隆股份,其他化学制品
300406,九强生物,诊断试剂
300407,凯发电气,电网自动化
300408,三环集团,被动元件
300409,道氏技术,电池化学品
300410,正业科技,锂电设备
300411,金盾股份,其他通用设备
300412,迦南科技,制药装备
300413,芒果超媒,视频音频媒体
300414,中光防雷,其他通信设备
300415,伊之密,其他专用设备
300416,苏试试验,检测服务
300417,南华仪器,仪器仪表
300418,昆仑万维,游戏
300419,ST浩丰,行业应用软件
300420,五洋自控,其他专用设备
300421,力星股份,机械基础件
300422,博世科,水治理
300423,昇辉科技,输变电设备
300424,航新科技,航空装备
300425,中建环能,水治理
300426,华智数媒,影视制作
300427,红相股份,电网自动化
300428,立中集团,轮胎轮毂
300429,强力新材,半导体材料
300430,*ST益通,工业控制设备
300432,富临精工,底盘与发动机系统
300433,蓝思科技,消费电子组件
300434,金石亚药,化学制剂
300435,中泰股份,燃气
300436,广生堂,化学制剂
300437,清水源,水治理
300438,鹏辉能源,锂电池
300439,美康生物,诊断试剂
300440,运达科技,行业应用软件
300441,鲍斯股份,制冷空调设备
300442,润泽科技,云基础设施服务
300443,金雷股份,风电零部件
300444,双杰电气,输变电设备
300445,康斯特,仪器仪表
300446,航天智造,车身附件及饰件
300447,全信股份,军工电子
300448,浩云科技,行业应用软件
300449,汉邦高科,安防设备
300450,先导智能,锂电设备
300451,创业慧康,行业应用软件
300452,山河药辅,原料药
300453,三鑫医疗,医疗耗材
300454,深信服,基础软件
300455,航天智装,其他IT设备
300456,赛微电子,半导体制造
300457,赢合科技,锂电设备
300458,全志科技,集成电路设计
300459,汤姆猫,游戏
300460,ST惠伦,被动元件
300461,田中精机,工业控制设备
300462,ST华铭,其他IT设备
300463,迈克生物,诊断试剂
300464,星徽股份,跨境电商
300465,高伟达,行业应用软件
300466,赛摩智能,仪器仪表
300467,迅游科技,游戏
300468,四方精创,行业应用软件
300469,信息发展,行业应用软件
300470,中密控股,机械基础件
300471,厚普股份,其他专用设备
300472,*ST新元,其他专用设备
300473,德尔股份,底盘与发动机系统
300474,景嘉微,军工电子
300475,香农芯创,其他电子
300476,胜宏科技,PCB
300477,ST合纵,配电设备
300478,杭州高新,改性塑料
300479,神思电子,其他IT设备
300480,光力科技,能源及重型设备
300481,濮阳惠成,有机化工原料
300482,万孚生物,体外诊断
300483,首华燃气,油气开采
300484,蓝海华腾,工业控制设备
300485,赛升药业,抗体
300486,东杰智能,其他专用设备
300487,蓝晓科技,合成树脂
300488,恒锋工具,金属制品
300489,光智科技,激光设备
300490,华自科技,锂电设备
300491,通合科技,其他发电设备
300492,华图山鼎,教育培训
300493,润欣科技,其他电子
300494,盛天网络,游戏
300496,中科创达,行业应用软件
300497,富祥股份,原料药
300498,温氏股份,生猪养殖
300499,高澜股份,其他专用设备
300500,启迪设计,工程咨询服务
300501,海顺新材,其他包装
300502,新易盛,网络接配及塔设
300503,昊志机电,机械基础件
300504,天邑股份,通信终端及配件
300505,川金诺,磷肥及磷化工
300506,ST名家汇,装修装饰
300507,苏奥传感,底盘与发动机系统
300508,维宏股份,行业应用软件
300509,新美星,印刷包装机械
300510,金冠股份,电网自动化
300511,雪榕生物,食用菌
300512,中亚股份,印刷包装机械
300513,恒实科技,行业应用软件
300514,友讯达,电工仪器
300515,三德科技,仪器仪表
300516,久之洋,军工电子
300517,海波重科,钢结构
300518,新迅达,电商服务
300519,新光药业,中药
300520,科大国创,行业应用软件
300521,爱司凯,印刷包装机械
300522,世名科技,涂料油墨
300523,辰安科技,行业应用软件
300525,博思软件,行业应用软件
300527,ST应急,地面兵装
300528,幸福蓝海,发行院线
300529,健帆生物,医疗耗材
300530,领湃科技,锂电池
300531,优博讯,其他IT设备
300532,今天国际,行业应用软件
300533,冰川网络,游戏
300534,陇神戎发,中药
300535,达威股份,其他化学制品
300536,农尚环境,园林工程
300537,广信材料,半导体材料
300538,同益股份,改性塑料
300539,横河精密,其他塑料制品
300540,蜀道装备,其他专用设备
300541,先进数通,行业应用软件
300542,新晨科技,行业应用软件
300543,朗科智能,其他电子
300545,联得装备,其他专用设备
300546,雄帝科技,其他IT设备
300547,川环科技,底盘与发动机系统
300548,长芯博创,网络接配及塔设
300549,优德精密,其他专用设备
300550,和仁科技,行业应用软件
300551,古鳌科技,行业应用软件
300552,万集科技,其他IT设备
300553,集智股份,仪器仪表
300554,三超新材,磨具磨料
300555,ST路通,其他通信设备
300556,丝路视觉,行业应用软件
300557,理工光科,仪器仪表
300558,贝达药业,化学制剂
300559,佳发教育,行业应用软件
300560,中富通,网络优化运维
300561,汇金科技,行业应用软件
300562,乐心医疗,家用器械
300563,神宇股份,光纤光缆
300564,筑博设计,工程咨询服务
300565,科信技术,网络接配及塔设
300566,激智科技,光学元件
300567,精测电子,仪器仪表
300568,星源材质,电池化学品
300569,天能重工,风电零部件
300570,太辰光,网络接配及塔设
300571,平治信息,文字图片媒体
300572,安车检测,检测服务
300573,兴齐眼药,化学制剂
300575,中旗股份,农药
300576,容大感光,半导体材料
300577,开润股份,其他纺织
300578,会畅科技,电信增值服务
300579,数字认证,基础软件
300580,贝斯特,底盘与发动机系统
300581,晨曦航空,航空装备
300582,英飞特,LED
300583,赛托生物,原料药
300584,海辰药业,化学制剂
300585,奥联电子,底盘与发动机系统
300586,美联新材,塑料助剂
300587,天铁科技,橡胶制品
300588,熙菱信息,安防设备
300589,江龙船艇,航海装备
300590,移为通信,通信终端及配件
300591,万里马,鞋帽及其他
300592,华凯易佰,跨境电商
300593,新雷能,其他发电设备
300594,ST朗进,轨交设备
300595,欧普康视,医疗耗材
300596,利安隆,塑料助剂
300597,吉大通信,网络规划设计
300598,诚迈科技,行业应用软件
300599,雄塑科技,管材
300600,国瑞科技,航海装备
300601,康泰生物,疫苗
300602,飞荣达,消费电子组件
300603,立昂技术,云基础设施服务
300604,长川科技,半导体设备
300605,恒锋信息,行业应用软件
300606,金太阳,磨具磨料
300607,拓斯达,机器人
300608,思特奇,行业应用软件
300609,汇纳科技,行业应用软件
300610,晨化股份,其他化学制品
300611,美力科技,其他汽车零部件
300612,宣亚国际,互联网广告
300613,富瀚微,集成电路设计
300614,百川畅银,固废治理
300615,欣天科技,网络接配及塔设
300616,尚品宅配,家具
300617,安靠智电,线缆部件及其他
300618,寒锐钴业,钴
300619,金银河,锂电设备
300620,光库科技,网络接配及塔设
300621,维业股份,装修装饰
300622,博士眼镜,专业连锁
300623,捷捷微电,功率半导体
300624,万兴科技,基础软件
300625,三雄极光,LED
300626,华瑞股份,电机制造
300627,华测导航,其他通信设备
300628,亿联网络,通信终端及配件
300629,新劲刚,军工电子
300631,久吾高科,环保设备
300632,光莆股份,LED
300633,开立医疗,医疗设备
300634,彩讯股份,行业应用软件
300635,中达安,工程咨询服务
300636,同和药业,原料药
300637,扬帆新材,其他化学制品
300638,广和通,通信终端及配件
300639,凯普生物,诊断试剂
300640,德艺文创,其他家居
300641,正丹股份,有机化工原料
300642,透景生命,诊断试剂
300643,万通智控,其他汽车零部件
300644,南京聚隆,改性塑料
300645,正元智慧,行业应用软件
300647,超频三,电池化学品
300648,星云股份,锂电设备
300649,杭州园林,园林工程
300650,太龙股份,其他电子
300651,金陵体育,体育
300652,雷迪克,轮胎轮毂
300653,正海生物,医疗耗材
300654,世纪天鸿,教育出版
300655,晶瑞电材,半导体材料
300656,民德电子,其他电子
300657,弘信电子,PCB
300658,延江股份,其他纺织
300659,中孚信息,其他IT设备
300660,江苏雷利,电机制造
300661,圣邦股份,集成电路设计
300662,科锐国际,人力资源服务
300663,科蓝软件,行业应用软件
300664,鹏鹞环保,水治理
300665,飞鹿股份,涂料油墨
300666,江丰电子,半导体材料
300667,必创科技,仪器仪表
300668,杰恩股份,工程咨询服务
300669,沪宁股份,楼宇设备
300670,大烨智能,配电设备
300671,富满微,集成电路设计
300672,国科微,集成电路设计
300673,佩蒂股份,宠物食品
300674,宇信科技,行业应用软件
300675,建科院,工程咨询服务
300676,华大基因,诊断服务
300677,英科医疗,医疗耗材
300678,中科信息,行业应用软件
300679,电连技术,消费电子组件
300680,隆盛科技,底盘与发动机系统
300681,英搏尔,汽车电子电气系统
300682,朗新科技,行业应用软件
300683,海特生物,其他生物制药
300684,中石科技,其他电子
300685,艾德生物,诊断试剂
300686,智动力,消费电子组件
300687,赛意信息,其他云服务
300688,创业黑马,教育培训
300689,澄天伟业,通信终端及配件
300690,双一科技,风电零部件
300691,联合光电,光学元件
300692,中赋科技,水治理
300693,盛弘股份,其他发电设备
300694,蠡湖股份,底盘与发动机系统
300695,兆丰股份,轮胎轮毂
300696,爱乐达,航空装备
300697,电工合金,铜
300698,万马科技,网络接配及塔设
300699,光威复材,碳纤维
300700,岱勒新材,磨具磨料
300701,森霸传感,光学元件
300702,天宇股份,原料药
300703,创源股份,文化用品
300705,九典制药,化学制剂
300706,阿石创,半导体材料
300707,威唐工业,其他汽车零部件
300708,聚灿光电,LED
300709,精研科技,消费电子组件
300710,万隆光电,网络接配及塔设
300711,广哈通信,其他通信设备
300712,永福股份,其他专业工程
300713,英可瑞,其他发电设备
300715,凯伦股份,防水材料
300716,*ST泉为,改性塑料
300717,华信新材,其他塑料制品
300718,长盛轴承,机械基础件
300719,安达维尔,航空装备
300720,海川智能,仪器仪表
300721,怡达股份,有机化工原料
300722,新余国科,航天装备
300723,一品红,化学制剂
300724,捷佳伟创,光伏加工设备
300725,药石科技,医疗研发外包
300726,宏达电子,军工电子
300727,润禾材料,有机硅
300729,乐歌股份,家具
300730,科创信息,行业应用软件
300731,科创新源,橡胶制品
300732,设研院,工程咨询服务
300733,西菱动力,底盘与发动机系统
300735,光弘科技,消费电子组件
300736,百邦科技,其他专业服务
300737,科顺股份,防水材料
300738,奥飞数据,云基础设施服务
300739,明阳电路,PCB
300740,水羊股份,化妆品
300741,华宝股份,食品助剂
300743,天地数码,其他IT设备
300745,欣锐科技,其他汽车零部件
300746,汉嘉数智,工程咨询服务
300747,锐科激光,激光设备
300748,金力永磁,磁性材料
300749,顶固集创,家具
300750,宁德时代,锂电池
300751,迈为股份,光伏加工设备
300752,隆利科技,LED
300753,爱朋医疗,医疗设备
300755,华致酒行,专业连锁
300756,金马游乐,其他专用设备
300757,罗博特科,工业控制设备
300758,七彩化学,涂料油墨
300759,康龙化成,医疗研发外包
300760,迈瑞医疗,医疗设备
300761,立华股份,肉鸡养殖
300762,上海瀚讯,军工电子
300763,锦浪科技,光伏逆变器
300765,新诺威,保健品
300766,每日互动,行业应用软件
300767,震安科技,橡胶制品
300768,迪普科技,基础软件
300769,德方纳米,电池化学品
300770,新媒股份,广播电视
300771,智莱科技,其他IT设备
300772,运达股份,风电整机
300773,拉卡拉,其他金融服务
300774,倍杰特,水治理
300775,三角防务,航空装备
300776,帝尔激光,光伏加工设备
300777,中简科技,碳纤维
300778,新城市,工程咨询服务
300779,惠城环保,固废治理
300780,德恩精工,机械基础件
300781,因赛集团,其他广告营销
300782,卓胜微,集成电路设计
300783,三只松鼠,零食
300784,利安科技,其他塑料制品
300785,值得买,电商服务
300786,国林科技,环保设备
300787,海能实业,消费电子组件
300788,中信出版,大众出版
300789,唐源电气,轨交设备
300790,宇瞳光学,光学元件
300791,仙乐健康,保健品
300792,壹网壹创,电商服务
300793,佳禾智能,消费电子组件
300795,米奥会展,会展服务
300796,贝斯美,农药
300797,钢研纳克,检测服务
300798,锦鸡股份,纺织化学品
300800,力合科技,环境监测
300801,泰和科技,其他化学制品
300802,矩子科技,工业控制设备
300803,指南针,行业应用软件
300804,广康生化,农药
300805,电声股份,其他广告营销
300806,斯迪克,塑料薄膜
300807,天迈科技,行业应用软件
300808,久量股份,LED
300809,华辰装备,机床制造
300810,中科海讯,航海装备
300811,铂科新材,磁性材料
300812,易天股份,其他专用设备
300813,泰林生物,制药装备
300814,中富电路,PCB
300815,玉禾田,固废治理
300816,艾可蓝,其他汽车零部件
300817,双飞集团,机械基础件
300818,耐普矿机,磨具磨料
300819,聚杰微纤,其他纺织
300820,英杰电气,其他发电设备
300821,东岳硅材,有机硅
300822,贝仕达克,其他电子
300823,建科智能,其他专用设备
300824,北鼎股份,厨房小家电
300825,阿尔特,汽车综合服务
300826,测绘股份,工程咨询服务
300827,上能电气,光伏逆变器
300828,锐新科技,金属制品
300829,金丹科技,食品助剂
300830,金现代,行业应用软件
300831,派瑞股份,功率半导体
300832,新产业,诊断试剂
300833,浩洋股份,其他专用设备
300834,星辉环材,合成树脂
300835,龙磁科技,磁性材料
300836,佰奥智能,其他专用设备
300837,浙矿股份,能源及重型设备
300838,浙江力诺,机械基础件
300839,博汇股份,其他石化
300840,酷特智能,非运动服装
300841,康华生物,疫苗
300842,帝科股份,光伏辅材
300843,胜蓝股份,消费电子组件
300844,山水比德,工程咨询服务
300845,捷安高科,行业应用软件
300846,首都在线,云基础设施服务
300847,中船汉光,其他化学制品
300848,美瑞新材,聚氨酯
300849,锦盛新材,塑料包装
300850,新强联,风电零部件
300851,交大思诺,轨交设备
300852,四会富仕,PCB
300853,申昊科技,电网自动化
300854,中兰环保,固废治理
300855,图南股份,其他金属新材料
300856,科思股份,化妆品
300857,协创数据,消费电子组件
300858,科拓生物,食品助剂
300859,西域旅游,旅游服务
300860,锋尚文化,会展服务
300861,美畅股份,磨具磨料
300862,蓝盾光电,仪器仪表
300863,卡倍亿,汽车电子电气系统
300864,南大环境,环境监测
300865,大宏立,能源及重型设备
300866,安克创新,品牌消费电子
300867,圣元环保,固废治理
300868,杰美特,消费电子组件
300869,康泰医学,医疗设备
300870,欧陆通,其他发电设备
300871,回盛生物,动物保健
300872,天阳科技,其他云服务
300873,海晨股份,供应链服务
300875,捷强装备,地面兵装
300876,蒙泰高新,其他化学纤维
300877,金春股份,其他纺织
300878,维康药业,中药
300879,大叶股份,农用机械
300880,迦南智能,电工仪器
300881,盛德鑫泰,特钢
300882,万胜智能,电工仪器
300883,龙利得,纸包装
300884,狄耐克,安防设备
300885,海昌新材,机械基础件
300886,华业香料,其他化学制品
300887,谱尼测试,检测服务
300888,稳健医疗,医疗耗材
300889,爱克股份,LED
300890,翔丰华,电池化学品
300891,惠云钛业,钛白粉
300892,品渥食品,乳制品
300893,松原安全,其他汽车零部件
300894,火星人,厨房电器
300895,铜牛信息,云基础设施服务
300896,爱美客,医美耗材
300897,山科智能,仪器仪表
300898,熊猫乳品,乳制品
300899,上海凯鑫,水治理
300900,广联航空,航空装备
300901,中胤时尚,鞋帽及其他
300902,国安达,其他专用设备
300903,科翔股份,PCB
300904,威力传动,风电零部件
300905,宝丽迪,纺织化学品
300906,日月明,轨交设备
300907,康平科技,电机制造
300908,仲景食品,调味品
300909,汇创达,光学元件
300910,瑞丰新材,其他化学制品
300911,亿田智能,厨房电器
300912,凯龙高科,其他汽车零部件
300913,兆龙互连,光纤光缆
300915,海融科技,乳制品
300916,朗特智能,其他电子
300917,特发服务,物业管理
300918,南山智尚,其他纺织
300919,中伟新材,电池化学品
300920,润阳科技,其他塑料制品
300921,南凌科技,电信增值服务
300922,天秦装备,地面兵装
300923,研奥股份,轨交设备
300925,法本信息,云软件服务
300926,博俊科技,其他汽车零部件
300927,江天化学,有机化工原料
300928,华安鑫创,汽车电子电气系统
300929,华骐环保,水治理
300930,屹通新材,其他金属新材料
300931,通用电梯,楼宇设备
300932,三友联众,配电设备
300933,中辰股份,线缆部件及其他
300935,盈建科,行业应用软件
300936,中英科技,PCB
300937,药易购,医药流通
300938,信测标准,检测服务
300939,秋田微,面板
300940,南极光,LED
300941,创识科技,其他IT设备
300942,易瑞生物,诊断试剂
300943,春晖智控,机械基础件
300945,曼卡龙,钟表珠宝
300946,恒而达,金属制品
300947,德必集团,商业物业经营
300948,冠中生态,生态修复
300949,奥雅股份,园林工程
300950,德固特,其他专用设备
300951,博硕科技,消费电子组件
300952,恒辉安防,鞋帽及其他
300953,震裕科技,锂电池
300955,嘉亨家化,化妆品
300956,英力股份,消费电子组件
300957,贝泰妮,化妆品
300958,建工修复,生态修复
300959,线上线下,电信增值服务
300960,通业科技,轨交设备
300961,深水海纳,水治理
300962,中金辐照,制药装备
300963,中洲特材,其他金属新材料
300964,本川智能,PCB
300965,恒宇信通,航空装备
300966,共同药业,原料药
300967,晓鸣股份,肉鸡养殖
300968,格林精密,消费电子组件
300969,恒帅股份,汽车电子电气系统
300970,华绿生物,食用菌
300971,博亚精工,机械基础件
300972,万辰集团,零食
300973,立高食品,烘焙食品
300975,商络电子,其他电子
300976,达瑞电子,消费电子组件
300977,深圳瑞捷,工程咨询服务
300978,东箭科技,其他汽车零部件
300979,华利集团,纺织鞋类制造
300980,祥源新材,其他塑料制品
300981,中红医疗,医疗耗材
300982,苏文电能,基建工程
300983,尤安设计,工程咨询服务
300984,金沃股份,机械基础件
300985,致远新能,其他汽车零部件
300986,志特新材,其他专业工程
300987,川网传媒,文字图片媒体
300988,津荣天宇,金属制品
300989,蕾奥规划,工程咨询服务
300990,同飞股份,制冷空调设备
300991,创益通,消费电子组件
300992,泰福泵业,机械基础件
300993,玉马科技,其他家居
300994,久祺股份,其他交通设备
300995,奇德新材,改性塑料
300996,普联软件,行业应用软件
300997,欢乐家,软饮料
300998,宁波方正,其他专用设备
300999,金龙鱼,粮油加工
301000,肇民科技,其他汽车零部件
301001,凯淳股份,电商服务
301002,崧盛股份,输变电设备
301003,江苏博云,改性塑料
301004,嘉益股份,其他家居
301005,超捷股份,其他汽车零部件
301006,迈拓股份,仪器仪表
301007,德迈仕,底盘与发动机系统
301008,宏昌科技,家电零部件
301009,可靠股份,生活用纸
301010,晶雪节能,其他建材
301011,华立科技,娱乐用品
301012,扬电科技,输变电设备
301013,利和兴,其他专用设备
301015,百洋医药,医药流通
301016,雷尔伟,轨交设备
301017,漱玉平民,线下药店
301018,申菱环境,制冷空调设备
301019,宁波色母,塑料助剂
301020,密封科技,底盘与发动机系统
301021,英诺激光,激光设备
301022,海泰科,其他专用设备
301023,奕帆传动,电机制造
301024,霍普股份,工程咨询服务
301025,读客文化,大众出版
301026,浩通科技,其他金属
301027,华蓝集团,工程咨询服务
301028,鼎熔岩,其他通用设备
301029,怡合达,其他专用设备
301030,*ST仕净,环保设备
301031,中熔电气,配电设备
301032,新柴股份,内燃机
301033,迈普医学,医疗耗材
301035,润丰股份,农药
301036,双乐股份,涂料油墨
301037,保立佳,涂料油墨
301038,深水规院,工程咨询服务
301039,中集车辆,商用载货车
301040,中环海陆,风电零部件
301041,金百泽,PCB
301042,安联锐视,安防设备
301043,绿岛风,其他通用设备
301045,天禄科技,光学元件
301046,能辉科技,其他专业工程
301047,义翘神州,其他生物制药
301048,金鹰重工,轨交设备
301049,超越科技,固废治理
301050,雷电微力,军工电子
301051,信濠光电,消费电子组件
301052,果麦文化,大众出版
301053,远信工业,纺织服装设备
301055,张小泉,其他家居
301056,森赫股份,楼宇设备
301057,汇隆新材,涤纶
301058,中粮科工,工程咨询服务
301059,金三江,其他化学原料
301060,兰卫医学,诊断服务
301061,匠心家居,家具
301062,上海艾录,纸包装
301063,海锅股份,风电零部件
301065,本立科技,原料药
301066,万事利,其他纺织
301067,显盈科技,消费电子组件
301068,大地海洋,固废治理
301069,凯盛新材,其他化学原料
301070,开勒股份,其他通用设备
301071,力量钻石,非金属材料
301072,中捷精工,底盘与发动机系统
301073,君亭酒店,酒店
301075,多瑞医药,化学制剂
301076,新瀚新材,其他化学制品
301077,星华新材,其他化学制品
301078,孩子王,专业连锁
301079,邵阳液压,工程机械零件
301080,百普赛斯,其他生物制药
301081,严牌股份,环保设备
301082,久盛电气,线缆部件及其他
301083,百胜智能,其他专用设备
301085,亚康股份,其他云服务
301086,鸿富瀚,消费电子组件
301087,可孚医疗,家用器械
301088,戎美股份,非运动服装
301089,拓新药业,原料药
301090,华润材料,合成树脂
301091,深城交,工程咨询服务
301092,争光股份,合成树脂
301093,华兰股份,医疗耗材
301095,广立微,集成电路设计
301096,百诚医药,医疗研发外包
301097,天益医疗,医疗耗材
301098,金埔园林,园林工程
301099,雅创电子,其他电子
301100,风光股份,塑料助剂
301101,明月镜片,文化用品
301102,兆讯传媒,其他广告营销
301103,何氏眼科,医院
301105,鸿铭股份,印刷包装机械
301106,骏成科技,面板
301107,瑜欣电子,其他通用设备
301108,洁雅股份,洗护用品
301109,军信股份,固废治理
301110,青木科技,电商服务
301111,粤万年青,中药
301112,信邦智能,其他专用设备
301113,雅艺科技,其他家居
301115,联检科技,检测服务
301116,益客食品,肉制品
301117,佳缘科技,行业应用软件
301118,恒光股份,氯碱
301119,正强股份,底盘与发动机系统
301120,新特电气,输变电设备
301121,紫建电子,锂电池
301122,采纳股份,医疗耗材
301123,奕东电子,消费电子组件
301125,腾亚精工,机械基础件
301126,达嘉维康,医药流通
301127,武汉天源,水治理
301128,强瑞技术,其他专用设备
301129,瑞纳智能,仪器仪表
301130,西点药业,化学制剂
301131,聚赛龙,改性塑料
301132,满坤科技,PCB
301133,金钟股份,车身附件及饰件
301135,瑞德智能,其他电子
301136,招标股份,工程咨询服务
301137,哈焊华通,金属制品
301138,华研精机,印刷包装机械
301139,*ST元道,网络优化运维
301141,中科磁业,磁性材料
301148,嘉戎技术,水治理
301149,隆华新材,其他化学制品
301150,中一科技,锂电池
301151,冠龙节能,机械基础件
301152,天力锂能,电池化学品
301153,中科江南,行业应用软件
301155,海力风电,风电零部件
301156,美农生物,食品助剂
301157,华塑科技,其他发电设备
301158,德石股份,能源及重型设备
301159,三维天地,行业应用软件
301160,翔楼新材,金属制品
301161,唯万密封,工程机械零件
301162,国能日新,行业应用软件
301163,宏德股份,工业控制设备
301165,锐捷网络,网络接配及塔设
301166,优宁维,医药流通
301167,建研设计,工程咨询服务
301168,通灵股份,光伏辅材
301169,零点有数,其他专业服务
301170,锡南科技,底盘与发动机系统
301171,易点天下,互联网广告
301172,君逸数码,行业应用软件
301173,毓恬冠佳,车身附件及饰件
301175,中科环保,固废治理
301176,逸豪新材,PCB
301177,迪阿股份,钟表珠宝
301178,天亿马,行业应用软件
301179,泽宇智能,电网自动化
301180,万祥科技,消费电子组件
301181,标榜股份,其他汽车零部件
301182,凯旺科技,消费电子组件
301183,东田微,光学元件
301185,鸥玛软件,行业应用软件
301186,超达装备,其他专用设备
301187,欧圣电气,清洁小家电
301188,力诺药包,玻璃制造
301189,奥尼电子,品牌消费电子
301190,善水科技,纺织化学品
301191,菲菱科思,网络接配及塔设
301192,泰祥股份,底盘与发动机系统
301193,家联科技,其他家居
301195,北路智控,行业应用软件
301196,唯科科技,其他专用设备
301197,工大科雅,行业应用软件
301198,喜悦智行,塑料包装
301199,迈赫股份,机器人
301200,大族数控,其他专用设备
301201,诚达药业,医疗研发外包
301202,朗威股份,金属制品
301203,国泰环保,水治理
301205,联特科技,网络接配及塔设
301206,三元生物,制糖业
301207,华兰疫苗,疫苗
301208,中亦科技,行业应用软件
301209,联合化学,涂料油墨
301210,金杨精密,锂电池
301211,亨迪药业,原料药
301212,联盛化学,其他化学制品
301213,观想科技,军工电子
301215,中汽股份,汽车综合服务
301216,万凯新材,合成树脂
301217,铜冠铜箔,铜
301218,华是科技,行业应用软件
301219,腾远钴业,钴
301220,亚香股份,其他化学制品
301221,光庭信息,汽车电子电气系统
301222,浙江恒威,其他电池
301223,中荣股份,纸包装
301225,恒勃股份,其他汽车零部件
301226,祥明智能,电机制造
301227,森鹰窗业,家具
301228,实朴检测,检测服务
301229,纽泰格,其他汽车零部件
301230,泓博医药,医疗研发外包
301231,荣信文化,大众出版
301232,飞沃科技,风电零部件
301233,盛帮股份,车身附件及饰件
301234,五洲医疗,医疗耗材
301235,华康洁净,其他医疗服务
301236,软通动力,行业应用软件
301237,和顺科技,塑料薄膜
301238,瑞泰新材,电池化学品
301239,普瑞眼科,医院
301246,宏源药业,原料药
301248,杰创智能,行业应用软件
301251,威尔高,PCB
301252,同星科技,制冷空调设备
301255,通力科技,机械基础件
301256,华融化学,其他化学原料
301257,普蕊斯,医疗研发外包
301258,富士莱,原料药
301259,艾布鲁,水治理
301260,格力博,农用机械
301261,恒工精密,机械基础件
301262,海看股份,广播电视
301263,泰恩康,医药流通
301265,华新科技,固废治理
301266,宇邦新材,光伏辅材
301267,华厦眼科,医院
301268,铭利达,金属制品
301269,华大九天,集成电路设计
301270,汉仪股份,行业应用软件
301272,英华特,制冷空调设备
301273,瑞晨环保,其他通用设备
301275,汉朔科技,其他电子
301276,嘉曼服饰,非运动服装
301277,新天地,原料药
301278,快可电子,光伏辅材
301279,金道科技,工程机械零件
301280,珠城科技,消费电子组件
301281,科源制药,原料药
301282,金禄电子,PCB
301283,聚胶股份,胶黏剂及胶带
301285,鸿日达,消费电子组件
301286,侨源股份,其他化学制品
301287,康力源,娱乐用品
301288,清研环境,环保设备
301289,国缆检测,检测服务
301290,东星医疗,医疗耗材
301291,明阳电气,输变电设备
301292,海科新源,电池化学品
301293,三博脑科,医院
301295,美硕科技,输变电设备
301296,新巨丰,纸包装
301297,富乐德,半导体设备
301298,东利机械,底盘与发动机系统
301299,卓创资讯,产联网信息服务
301300,远翔新材,其他化学原料
301301,川宁生物,原料药
301302,华如科技,军工电子
301303,真兰仪表,仪器仪表
301305,朗坤科技,固废治理
301306,西测测试,检测服务
301307,美利信,其他通信设备
301308,江波龙,集成电路设计
301309,万得凯,金属制品
301310,鑫宏业,其他汽车零部件
301311,昆船智能,其他专用设备
301312,智立方,其他自动化设备
301313,凡拓数创,其他专业服务
301314,科瑞思,其他电子
301315,威士顿,行业应用软件
301316,慧博云通,行业应用软件
301317,鑫磊股份,其他通用设备
301318,维海德,安防设备
301319,唯特偶,其他电子
301320,豪江智能,工业控制设备
301321,翰博高新,面板
301322,绿通科技,其他交通设备
301323,新莱福,橡胶制品
301325,曼恩斯特,其他专用设备
301326,捷邦科技,消费电子组件
301327,华宝新能,锂电池
301328,维峰电子,其他电子
301329,信音电子,消费电子组件
301330,熵基科技,安防设备
301331,恩威医药,中药
301332,德尔玛,清洁小家电
301333,诺思格,医疗研发外包
301335,天元宠物,娱乐用品
301336,趣睡科技,家具
301337,亚华电子,行业应用软件
301338,凯格精机,其他专用设备
301339,通行宝,其他IT设备
301345,涛涛车业,其他交通设备
301348,蓝箭电子,半导体封测
301349,信德新材,电池化学品
301353,普莱得,其他通用设备
301355,南王科技,纸包装
301356,天振股份,家具
301357,北方长龙,地面兵装
301358,湖南裕能,电池化学品
301359,东南电子,其他电子
301360,荣旗科技,其他专用设备
301361,众智科技,配电设备
301362,民爆光电,LED
301363,美好医疗,医疗设备
301365,矩阵股份,工程咨询服务
301366,一博科技,PCB
301367,瑞迈特,医疗设备
301368,丰立智能,机械基础件
301369,联动科技,半导体设备
301370,国科恒泰,医药流通
301371,敷尔佳,化妆品
301372,科净源,水治理
301373,凌玮科技,其他化学原料
301376,致欧科技,家具
301377,鼎泰高科,金属制品
301378,通达海,行业应用软件
301379,天山电子,面板
301380,挖金客,电信增值服务
301381,赛维时代,跨境电商
301382,蜂助手,互联网广告
301383,天键股份,消费电子组件
301386,未来电器,配电设备
301387,光大同创,消费电子组件
301388,欣灵电气,配电设备
301389,隆扬电子,消费电子组件
301390,经纬股份,其他专业工程
301391,卡莱特,其他IT设备
301392,汇成真空,其他专用设备
301393,昊帆生物,有机化工原料
301395,仁信新材,合成树脂
301396,宏景科技,行业应用软件
301397,溯联股份,底盘与发动机系统
301398,星源卓镁,车身附件及饰件
301399,英特科技,制冷空调设备
301408,华人健康,医药流通
301413,安培龙,仪器仪表
301418,协昌科技,工业控制设备
301419,阿莱德,其他通信设备
301421,波长光电,光学元件
301428,世纪恒通,电信增值服务
301429,森泰股份,其他建材
301439,泓淋电力,线缆部件及其他
301446,福事特,工程机械零件
301448,开创电气,其他通用设备
301449,天溯计量,检测服务
301456,盘古智能,风电零部件
301458,钧崴电子,被动元件
301459,丰茂股份,底盘与发动机系统
301468,博盈特焊,其他专用设备
301469,恒达新材,特种纸
301479,弘景光电,光学元件
301486,致尚科技,消费电子组件
301487,盟固利,电池化学品
301488,豪恩汽电,汽车电子电气系统
301489,思泉新材,消费电子组件
301491,汉桑科技,消费电子组件
301498,乖宝宠物,宠物食品
301499,维科精密,汽车电子电气系统
301500,飞南资源,固废治理
301501,恒鑫生活,其他家居
301502,华阳智能,电机制造
301503,智迪科技,其他IT设备
301505,苏州规划,工程咨询服务
301507,民生健康,化学制剂
301508,中机认检,检测服务
301509,金凯生科,医疗研发外包
301510,固高科技,工业控制设备
301511,德福科技,锂电池
301512,智信精密,其他自动化设备
301513,尚水智能,其他专用设备
301515,港通医疗,医疗设备
301516,中远通,其他发电设备
301517,陕西华达,军工电子
301518,长华化学,其他化学制品
301519,舜禹股份,环保设备
301520,万邦医药,医疗研发外包
301522,上大股份,其他金属新材料
301525,儒竞科技,家电零部件
301526,国际复材,玻纤制造
301528,多浦乐,仪器仪表
301529,福赛科技,车身附件及饰件
301531,春光集团,磁性材料
301533,威马农机,农用机械
301535,浙江华远,其他汽车零部件
301536,星宸科技,集成电路设计
301538,骏鼎达,改性塑料
301539,宏鑫科技,轮胎轮毂
301548,崇德科技,机械基础件
301550,斯菱智驱,轮胎轮毂
301551,无线传媒,广播电视
301552,科力装备,车身附件及饰件
301555,惠柏新材,合成树脂
301556,托普云农,行业应用软件
301557,常友科技,风电零部件
301558,三态股份,跨境电商
301559,中集环科,金属制品
301560,众捷汽车,底盘与发动机系统
301563,云汉芯城,其他电子
301565,中仑新材,塑料薄膜
301566,达利凯普,被动元件
301567,贝隆精密,消费电子组件
301568,思泰克,其他专用设备
301571,国科天成,其他电子
301575,艾芬达,其他家居
301577,美信科技,其他电子
301578,辰奕智能,其他电子
301580,爱迪特,医疗耗材
301581,黄山谷捷,半导体材料
301584,建发致新,医药流通
301585,蓝宇股份,纺织化学品
301586,佳力奇,航空装备
301587,中瑞股份,锂电池
301588,美新科技,家具
301589,诺瓦星云,其他IT设备
301590,优优绿能,其他发电设备
301591,肯特股份,其他塑料制品
301592,六九一二,军工电子
301595,太力科技,橡胶制品
301596,瑞迪智驱,机械基础件
301598,博科测试,其他专用设备
301599,理奇智能,其他自动化设备
301600,慧翰股份,通信终端及配件
301601,惠通科技,其他专用设备
301602,超研股份,医疗设备
301603,乔锋智能,机床制造
301606,绿联科技,品牌消费电子
301607,富特科技,汽车电子电气系统
301608,博实结,通信终端及配件
301609,山大电力,电网自动化
301611,珂玛科技,半导体材料
301613,新铝时代,其他汽车零部件
301616,浙江华业,机械基础件
301617,博苑新材,其他化学制品
301618,长联科技,纺织化学品
301622,英思特,磁性材料
301626,苏州天脉,消费电子组件
301628,强达电路,PCB
301629,矽电股份,半导体设备
301630,同宇新材,其他电子
301631,壹连科技,消费电子组件
301632,广东建科,检测服务
301633,港迪技术,工业控制设备
301636,泽润新能,光伏辅材
301638,南网数字,行业应用软件
301656,联合动力,汽车电子电气系统
301658,首航新能,光伏逆变器
301662,宏工科技,其他专用设备
301665,泰禾股份,农药
301666,大普微-UW,其他IT设备
301667,纳百川,底盘与发动机系统
301668,昊创瑞通,配电设备
301669,高特电子,其他电池
301678,新恒汇,半导体材料
301680,固德电材,底盘与发动机系统
301682,宏明电子,军工电子
301683,慧谷新材,涂料油墨
301687,新广益,塑料薄膜
301696,三瑞智能,航空装备
302132,中航成飞,军工电子
600000,浦发银行,股份制银行
600004,白云机场,机场
600006,东风股份,商用载货车
600007,中国国贸,商业地产
600008,首创环保,水务
600009,上海机场,机场
600010,包钢股份,板材
600011,华能国际,火力发电
600012,皖通高速,高速公路
600015,华夏银行,股份制银行
600016,民生银行,股份制银行
600017,日照港,港口
600018,上港集团,港口
600019,宝钢股份,板材
600020,中原高速,高速公路
600021,上海电力,火力发电
600022,山东钢铁,板材
600023,浙能电力,火力发电
600025,华能水电,水力发电
600026,中远海能,航运
600027,华电国际,火力发电
600028,中国石化,炼油化工
600029,南方航空,航空运输
600030,中信证券,证券
600031,三一重工,工程机械整机
600032,浙江新能,光伏发电
600033,福建高速,高速公路
600035,楚天高速,高速公路
600036,招商银行,股份制银行
600037,歌华有线,广播电视
600038,中直股份,航空装备
600039,四川路桥,基建工程
600048,保利发展,住宅开发
600050,中国联通,电信运营服务
600051,宁波联合,综合类
600052,东望时代,热力服务
600053,*ST九鼎,投资管理
600054,黄山旅游,旅游景区
600055,万东医疗,医疗设备
600056,中国医药,医药流通
600057,厦门象屿,供应链服务
600058,五矿发展,贸易
600059,古越龙山,黄酒
600060,海信视像,电视
600061,国投资本,证券
600062,华润双鹤,化学制剂
600063,皖维高新,有机化工原料
600064,南京高科,产业地产
600066,宇通客车,商用载客车
600067,冠城新材,线缆部件及其他
600071,凤凰光学,光学元件
600072,中船科技,风电零部件
600073,光明肉业,肉制品
600075,新疆天业,氯碱
600076,康欣新材,其他包装
600078,澄星股份,磷肥及磷化工
600079,ST人福,化学制剂
600080,ST金花,中药
600081,东风科技,其他汽车零部件
600082,ST海泰,产业地产
600084,*ST尼雅,葡萄酒
600085,同仁堂,中药
600088,中视传媒,影视制作
600089,特变电工,输变电设备
600094,大名城,住宅开发
600095,湘财股份,证券
600096,云天化,磷肥及磷化工
600097,开创国际,水产捕捞
600098,广州发展,火力发电
600099,林海股份,其他交通设备
600100,同方股份,其他IT设备
600101,明星电力,电能综合服务
600103,青山纸业,特种纸
600104,上汽集团,综合乘用车
600105,永鼎股份,光纤光缆
600106,重庆路桥,高速公路
600107,*ST尔雅,非运动服装
600108,亚盛集团,其他种植业
600109,国金证券,证券
600110,诺德股份,锂电池
600111,北方稀土,稀土
600113,浙江东日,商业物业经营
600114,东睦股份,金属制品
600115,中国东航,航空运输
600116,三峡水利,电能综合服务
600117,西宁特钢,特钢
600118,中国卫星,航天装备
600119,*ST长投,跨境物流
600120,浙江东方,金融控股
600121,郑州煤电,动力煤
600123,兰花科创,炼焦煤
600125,铁龙物流,铁路运输
600126,杭钢股份,板材
600127,金健米业,粮油加工
600128,苏豪弘业,贸易
600129,太极集团,中药
600130,波导股份,消费电子组件
600131,国网信通,云基础设施服务
600132,重庆啤酒,啤酒
600133,东湖高新,大气治理
600135,乐凯胶片,其他塑料制品
600136,ST明诚,物业管理
600137,浪莎股份,鞋帽及其他
600138,中青旅,休闲综合
600141,兴发集团,磷肥及磷化工
600143,金发科技,改性塑料
600148,长春一东,底盘与发动机系统
600149,廊坊发展,热力服务
600150,中国船舶,航海装备
600151,航天机电,光伏电池组件
600152,维科技术,锂电池
600153,建发股份,供应链服务
600155,华创云信,证券
600156,华升股份,其他纺织
600157,永泰能源,火力发电
600158,中体产业,体育
600159,大龙地产,住宅开发
600160,巨化股份,氟化工
600161,天坛生物,血液制品
600162,香江控股,住宅开发
600163,中闽能源,风力发电
600165,ST宁科,其他化学制品
600166,福田汽车,商用载货车
600167,联美控股,热力服务
600168,武汉控股,水务
600169,ST太重,能源及重型设备
600170,上海建工,房屋建设
600171,上海贝岭,集成电路设计
600172,黄河旋风,磨具磨料
600173,卧龙新能,住宅开发
600176,中国巨石,玻纤制造
600177,雅戈尔,非运动服装
600178,东安动力,底盘与发动机系统
600179,安通控股,航运
600180,*ST瑞茂,供应链服务
600182,S佳通,轮胎轮毂
600183,生益科技,PCB
600184,光电股份,地面兵装
600185,珠免集团,旅游服务
600186,莲花控股,调味品
600187,*ST国中,水务
600188,兖矿能源,动力煤
600189,泉阳泉,软饮料
600191,华资实业,制糖业
600192,长城电工,输变电设备
600193,*ST创兴,装修装饰
600195,中牧股份,动物保健
600196,复星医药,化学制剂
600197,伊力特,白酒
600198,大唐电信,系统设备
600199,金种子酒,白酒
600201,生物股份,动物保健
600202,哈空调,制冷空调设备
600203,福日电子,消费电子组件
600206,有研新材,半导体材料
600207,安彩高科,光伏辅材
600208,衢州发展,住宅开发
600210,紫江企业,塑料包装
600211,西藏药业,其他生物制药
600212,绿能慧充,输变电设备
600215,派斯林,机器人
600216,浙江医药,原料药
600217,中再资环,固废治理
600218,全柴动力,内燃机
600219,南山铝业,铝
600221,海航控股,航空运输
600222,太龙药业,中药
600223,福瑞达,化妆品
600226,亨通股份,热力服务
600227,赤天化,氮肥
600228,*ST返利,电商服务
600229,城市传媒,大众出版
600230,沧州大化,聚氨酯
600231,凌钢股份,长材
600232,金鹰股份,纺织服装设备
600233,圆通速递,快递
600234,科新发展,装修装饰
600235,民丰特纸,特种纸
600236,桂冠电力,水力发电
600237,铜峰电子,被动元件
600238,*ST椰岛,其他酒类
600239,ST云城,商业地产
600241,时代万恒,锂电池
600243,*ST海华,楼宇设备
600246,万通发展,住宅开发
600248,陕建股份,房屋建设
600249,两面针,洗护用品
600250,南京商旅,贸易
600251,冠农股份,果蔬加工
600252,中恒集团,中药
600255,鑫科材料,其他金属新材料
600256,广汇能源,石油贸易
600257,大湖股份,水产养殖
600258,首旅酒店,酒店
600259,中稀有色,稀土
600261,阳光照明,LED
600262,北方股份,能源及重型设备
600265,*ST景谷,林业
600266,城建发展,住宅开发
600267,海正药业,化学制剂
600268,国电南自,电网自动化
600269,赣粤高速,高速公路
600271,航天信息,行业应用软件
600272,开开实业,医药流通
600273,嘉化能源,有机化工原料
600276,恒瑞医药,化学制剂
600278,东方创业,贸易
600279,重庆港,港口
600280,中央商场,百货
600281,华阳新材,其他金属
600282,南钢股份,板材
600283,钱江水利,水务
600284,浦东建设,基建工程
600285,羚锐制药,中药
600287,苏豪时尚,贸易
600288,大恒科技,其他电子
600289,ST信通,行业应用软件
600292,XD电投水,水力发电
600293,三峡新材,玻璃制造
600295,鄂尔多斯,冶钢辅料
600298,安琪酵母,调味品
600299,安迪苏,食品助剂
600300,维维股份,软饮料
600301,华锡有色,其他金属
600302,ST标准,纺织服装设备
600303,曙光股份,商用载客车
600305,恒顺醋业,调味品
600307,酒钢宏兴,板材
600308,华泰股份,大宗用纸
600309,万华化学,聚氨酯
600310,广西能源,水力发电
600312,平高电气,输变电设备
600313,农发种业,种子
600315,上海家化,洗护用品
600316,洪都航空,航空装备
600318,新力金融,非货币银行
600319,亚星化学,氯碱
600320,振华重工,能源及重型设备
600322,津投城开,住宅开发
600323,瀚蓝环境,固废治理
600325,华发股份,住宅开发
600326,西藏天路,水泥制造
600327,大东方,医院
600328,中盐化工,无机盐
600329,达仁堂,中药
600330,天通股份,其他专用设备
600331,宏达股份,磷肥及磷化工
600332,白云山,中药
600333,长春燃气,燃气
600335,国机汽车,汽车经销商
600336,澳柯玛,冰洗
600337,ST美克,家具
600338,西藏珠峰,铅锌
600339,中油工程,油气工程
600340,*ST华幸,产业地产
600343,航天动力,其他通用设备
600345,长江通信,其他通信设备
600346,恒力石化,炼油化工
600348,华阳股份,炼焦煤
600350,山东高速,高速公路
600351,亚宝药业,中药
600352,浙江龙盛,纺织化学品
600353,XD旭光电,其他电子
600354,敦煌种业,种子
600356,恒丰纸业,特种纸
600358,国旅联合,互联网广告
600359,新农开发,其他种植业
600360,华微电子,功率半导体
600361,创新新材,铝
600362,江西铜业,铜
600363,联创光电,其他电子
600365,ST通葡,综合电商
600366,宁波韵升,磁性材料
600367,红星发展,无机盐
600368,五洲交通,高速公路
600369,西南证券,证券
600370,*ST三房,合成树脂
600371,万向德农,种子
600372,中航机载,航空装备
600373,中文传媒,大众出版
600375,汉马科技,商用载货车
600376,首开股份,住宅开发
600377,宁沪高速,高速公路
600378,昊华科技,氟化工
600379,宝光股份,输变电设备
600380,健康元,化学制剂
600381,*ST春天,保健品
600382,广东明珠,铁矿石
600383,金地集团,住宅开发
600386,北巴传媒,汽车综合服务
600388,龙净环保,环保设备
600389,江山股份,农药
600390,五矿资本,金融控股
600391,航发科技,航空装备
600392,盛和资源,稀土
600395,盘江股份,炼焦煤
600396,华电辽能,火力发电
600397,江钨装备,能源及重型设备
600398,海澜之家,非运动服装
600399,抚顺特钢,特钢
600400,红豆股份,非运动服装
600403,大有能源,动力煤
600405,动力源,其他发电设备
600406,国电南瑞,电网自动化
600408,安泰集团,焦炭加工
600409,三友化工,粘胶纤维
600410,华胜天成,其他云服务
600415,小商品城,商业物业经营
600416,湘电股份,电机制造
600418,江淮汽车,商用载货车
600419,天润乳业,乳制品
600420,国药现代,化学制剂
600421,*ST华嵘,金属制品
600422,昆药集团,中药
600423,*ST柳化,有机化工原料
600425,青松建化,水泥制造
600426,华鲁恒升,煤化工
600428,中远海特,航运
600429,三元股份,乳制品
600433,冠豪高新,特种纸
600435,北方导航,地面兵装
600436,片仔癀,中药
600438,通威股份,光伏硅料
600439,瑞贝卡,其他饰品
600444,国机通用,其他专用设备
600446,金证股份,行业应用软件
600448,华纺股份,印染
600449,宁夏建材,水泥制造
600452,涪陵电力,电能综合服务
600455,博通股份,教育培训
600456,宝钛股份,钛
600458,时代新材,风电零部件
600459,贵研铂业,其他金属
600460,士兰微,功率半导体
600461,洪城环境,水务
600463,空港股份,产业地产
600467,好当家,水产养殖
600468,百利电气,配电设备
600469,风神股份,轮胎轮毂
600470,六国化工,磷肥及磷化工
600475,华光环能,电能综合服务
600476,*ST湘邮,行业应用软件
600477,杭萧钢构,钢结构
600478,科力远,锂电池
600479,千金药业,中药
600480,凌云股份,其他汽车零部件
600481,双良节能,光伏硅片
600482,中国动力,航海装备
600483,福能股份,电能综合服务
600486,扬农化工,农药
600487,亨通光电,光纤光缆
600488,津药药业,原料药
600489,中金黄金,黄金
600490,鹏欣资源,铜
600491,ST龙元,房屋建设
600493,凤竹纺织,棉纺制品
600495,晋西车轴,轨交设备
600496,精工钢构,钢结构
600497,驰宏锌锗,铅锌
600498,烽火通信,系统设备
600499,科达制造,其他专用设备
600500,中化国际,其他化学制品
600501,航天晨光,其他专用设备
600502,安徽建工,基建工程
600503,华丽家族,住宅开发
600505,西昌电力,水力发电
600506,统一股份,其他石化
600507,XD方大特,特钢
600508,上海能源,炼焦煤
600509,天富能源,火力发电
600510,黑牡丹,住宅开发
600511,国药股份,医药流通
600512,腾达建设,基建工程
600513,联环药业,化学制剂
600515,海南机场,机场
600516,方大炭素,冶钢辅料
600517,国网英大,信托
600518,康美药业,中药
600519,贵州茅台,白酒
600520,三佳科技,半导体设备
600521,华海药业,化学制剂
600522,中天科技,光纤光缆
600523,XD贵航股,其他汽车零部件
600525,ST长园,输变电设备
600526,菲达环保,环保设备
600527,江南高纤,其他化学纤维
600528,中铁工业,轨交设备
600529,山东药玻,医疗耗材
600530,交大昂立,保健品
600531,豫光金铅,铅锌
600533,栖霞建设,住宅开发
600535,XD天士力,中药
600536,中国软件,行业应用软件
600537,*ST亿晶,光伏电池组件
600538,国发股份,医药流通
600539,狮头股份,电商服务
600540,新赛股份,其他种植业
600543,*ST莫高,葡萄酒
600545,卓郎智能,纺织服装设备
600546,山煤国际,动力煤
600547,山东黄金,黄金
600548,深高速,高速公路
600549,厦门钨业,钨钼
600550,保变电气,输变电设备
600551,时代出版,大众出版
600552,凯盛科技,面板
600556,天下秀,互联网广告
600557,康缘药业,中药
600558,大西洋,金属制品
600559,老白干酒,白酒
600560,金自天正,工业控制设备
600561,江西长运,公共交通
600562,国睿科技,军工电子
600563,法拉电子,被动元件
600566,济川药业,中药
600567,山鹰国际,大宗用纸
600568,ST中珠,医院
600569,安阳钢铁,板材
600570,恒生电子,行业应用软件
600571,信雅达,行业应用软件
600572,康恩贝,中药
600573,惠泉啤酒,啤酒
600575,淮河能源,火力发电
600576,祥源文旅,旅游景区
600577,精达股份,线缆部件及其他
600578,京能电力,火力发电
600579,中化装备,其他专用设备
600580,卧龙电驱,电机制造
600581,*ST八钢,板材
600582,天地科技,能源及重型设备
600583,海油工程,油气工程
600584,长电科技,半导体封测
600585,海螺水泥,水泥制造
600586,金晶科技,玻璃制造
600587,新华医疗,医疗设备
600588,用友网络,云软件服务
600589,大位科技,云基础设施服务
600590,泰豪科技,军工电子
600592,龙溪股份,机械基础件
600593,大连圣亚,旅游景区
600594,益佰制药,中药
600595,中孚实业,铝
600596,新安股份,有机硅
600597,光明乳业,乳制品
600598,北大荒,粮食种植
600599,*ST熊猫,民爆制品
600600,青岛啤酒,啤酒
600601,方正科技,PCB
600602,云赛智联,云基础设施服务
600603,广汇物流,住宅开发
600604,市北高新,产业地产
600605,汇通能源,商业物业经营
600606,绿地控股,住宅开发
600608,*ST沪科,贸易
600609,金杯汽车,车身附件及饰件
600610,中毅达,有机化工原料
600611,大众交通,公共交通
600612,老凤祥,钟表珠宝
600613,神奇制药,中药
600615,鑫源智造,铝
600616,金枫酒业,黄酒
600617,国新能源,燃气
600618,氯碱化工,氯碱
600619,海立股份,家电零部件
600620,天宸股份,综合类
600621,华鑫股份,证券
600622,光大嘉宝,住宅开发
600623,华谊集团,煤化工
600624,ST复华,化学制剂
600626,申达股份,车身附件及饰件
600628,新世界,百货
600629,华建集团,工程咨询服务
600630,龙头股份,非运动服装
600633,浙数文化,游戏
600635,大众公用,燃气
600636,*ST国化,教育培训
600637,东方明珠,广播电视
600638,新黄浦,住宅开发
600639,浦东金桥,产业地产
600640,国脉文化,视频音频媒体
600641,先导基电,半导体材料
600642,申能股份,火力发电
600643,爱建集团,金融控股
600644,乐山电力,水力发电
600645,中源协和,诊断试剂
600648,外高桥,产业地产
600649,城投控股,住宅开发
600650,锦江在线,公共交通
600651,飞乐音响,LED
600653,申华控股,汽车经销商
600654,中安科,其他专业服务
600655,豫园股份,商业物业经营
600657,信达地产,住宅开发
600658,电子城,产业地产
600660,福耀玻璃,车身附件及饰件
600661,昂立教育,教育培训
600662,外服控股,人力资源服务
600663,陆家嘴,商业地产
600664,哈药股份,化学制剂
600665,天地源,住宅开发
600666,奥瑞德,半导体材料
600667,太极实业,半导体封测
600668,尖峰集团,水泥制造
600671,天目药业,中药
600673,东阳光,综合类
600674,川投能源,水力发电
600675,中华企业,住宅开发
600676,交运股份,综合类
600678,ST金顶,水泥制造
600679,上海凤凰,其他交通设备
600681,百川能源,燃气
600682,南京新百,其他生物制药
600683,京投发展,住宅开发
600684,珠江股份,住宅开发
600685,中船防务,航海装备
600686,金龙汽车,商用载客车
600688,上海石化,炼油化工
600689,上海三毛,综合类
600690,海尔智家,冰洗
600691,潞化科技,煤化工
600692,亚通股份,住宅开发
600693,东百集团,百货
600694,DR大商股,多业态零售
600696,*ST岩石,白酒
600697,欧亚集团,多业态零售
600698,湖南天雁,底盘与发动机系统
600699,均胜电子,汽车电子电气系统
600702,舍得酒业,白酒
600703,三安光电,LED
600704,物产中大,供应链服务
600706,曲江文旅,旅游景区
600707,彩虹股份,面板
600708,光明地产,住宅开发
600710,苏美达,贸易
600711,盛屯矿业,钴
600712,南宁百货,百货
600713,南京医药,医药流通
600714,金瑞矿业,无机盐
600715,文投控股,发行院线
600716,凤凰股份,住宅开发
600717,天津港,港口
600718,东软集团,行业应用软件
600719,大连热电,热力服务
600720,中交设计,工程咨询服务
600721,百花医药,医疗研发外包
600722,金牛化工,煤化工
600724,宁波富达,综合类
600725,云维股份,贸易
600726,华电能源,火力发电
600727,鲁北化工,钛白粉
600728,佳都科技,行业应用软件
600729,重百集团,多业态零售
600730,*ST高科,教育培训
600731,湖南海利,农药
600732,爱旭股份,光伏电池组件
600733,北汽蓝谷,电动乘用车
600734,*ST实达,云基础设施服务
600735,ST新华锦,其他饰品
600736,苏州高新,商业地产
600737,中粮糖业,制糖业
600738,丽尚国潮,商业物业经营
600739,辽宁成大,疫苗
600740,山西焦化,焦炭加工
600741,华域汽车,车身附件及饰件
600742,XD富维股,车身附件及饰件
600743,华远控股,住宅开发
600744,华银电力,火力发电
600745,*ST闻泰,功率半导体
600746,江苏索普,塑料助剂
600748,上实发展,住宅开发
600749,西藏旅游,旅游景区
600750,华润江中,中药
600751,海航科技,航运
600753,*ST海钦,贸易
600754,锦江酒店,酒店
600755,厦门国贸,供应链服务
600756,浪潮软件,行业应用软件
600757,长江传媒,教育出版
600758,辽宁能源,炼焦煤
600759,ST洲际,油气开采
600760,中航沈飞,航空装备
600761,安徽合力,工程机械整机
600763,通策医疗,医院
600764,中国海防,航海装备
600765,中航重机,航空装备
600768,宁波富邦,铝
600769,祥龙电业,水务
600770,综艺股份,综合类
600771,广誉远,中药
600773,西藏城投,住宅开发
600774,汉商集团,化学制剂
600775,南京熊猫,通信终端及配件
600776,东方通信,其他通信设备
600777,*ST新潮,油气开采
600778,友好集团,多业态零售
600779,水井坊,白酒
600780,通宝能源,火力发电
600782,新钢股份,板材
600783,鲁信创投,磨具磨料
600784,鲁银投资,综合类
600785,新华百货,多业态零售
600787,中储股份,仓储物流
600789,鲁抗医药,化学制剂
600790,轻纺城,商业物业经营
600791,京能置业,住宅开发
600792,云煤能源,焦炭加工
600793,宜宾纸业,特种纸
600794,保税科技,仓储物流
600795,国电电力,火力发电
600796,钱江生化,水治理
600797,浙大网新,行业应用软件
600798,宁波海运,航运
600800,渤海化学,有机化工原料
600801,华新建材,水泥制造
600802,福建水泥,水泥制造
600803,新奥股份,燃气
600805,悦达投资,综合类
600807,济高发展,诊断试剂
600808,马钢股份,板材
600809,山西汾酒,白酒
600810,神马股份,锦纶
600812,华北制药,化学制剂
600814,杭州解百,百货
600815,厦工股份,工程机械整机
600816,建元信托,信托
600817,宇通重工,环保设备
600818,ST中路,其他交通设备
600819,耀皮玻璃,玻璃制造
600820,隧道股份,基建工程
600821,金开新能,光伏发电
600822,上海物贸,汽车经销商
600824,益民集团,多业态零售
600825,新华传媒,大众出版
600826,兰生股份,会展服务
600827,百联股份,多业态零售
600828,茂业商业,百货
600829,人民同泰,医药流通
600830,香溢融通,租赁
600831,广电网络,广播电视
600833,第一医药,线下药店
600834,申通地铁,公共交通
600835,上海机电,楼宇设备
600838,上海九百,多业态零售
600839,四川长虹,电视
600841,动力新科,底盘与发动机系统
600843,上工申贝,纺织服装设备
600844,金煤科技,煤化工
600845,宝信软件,行业应用软件
600846,同济科技,工程咨询服务
600847,万里股份,其他电池
600848,上海临港,产业地产
600850,电科数字,其他云服务
600851,海欣股份,化学制剂
600853,龙建股份,基建工程
600854,春兰股份,空调
600855,航天长峰,军工电子
600857,宁波中百,百货
600858,银座股份,多业态零售
600859,王府井,百货
600860,京城股份,金属制品
600861,北京人力,人力资源服务
600862,中航高科,航空装备
600863,华能蒙电,火力发电
600864,哈投股份,证券
600865,百大集团,百货
600866,星湖科技,畜禽饲料
600867,通化东宝,基因药物
600868,梅雁吉祥,水力发电
600869,远东股份,线缆部件及其他
600871,石化油服,油田服务
600872,中炬高新,调味品
600873,梅花生物,调味品
600874,创业环保,水治理
600875,东方电气,其他发电设备
600876,凯盛新能,玻璃制造
600877,电科芯片,集成电路设计
600879,航天电子,航天装备
600880,博瑞传播,教育培训
600881,亚泰集团,综合类
600882,妙可蓝多,乳制品
600883,博闻科技,食用菌
600884,杉杉股份,电池化学品
600885,宏发股份,输变电设备
600886,国投电力,水力发电
600887,伊利股份,乳制品
600888,新疆众和,铝
600889,*ST京化,机械基础件
600892,*ST大晟,游戏
600893,航发动力,航空装备
600894,广日股份,楼宇设备
600895,张江高科,产业地产
600897,厦门空港,机场
600900,长江电力,水力发电
600901,江苏金租,非货币银行
600903,贵州燃气,燃气
600905,三峡能源,风力发电
600906,财达证券,证券
600908,无锡银行,农商行
600909,华安证券,证券
600916,中国黄金,钟表珠宝
600917,重庆燃气,燃气
600918,中泰证券,证券
600919,江苏银行,城商行
600925,苏能股份,动力煤
600926,杭州银行,城商行
600927,永安期货,期货
600928,西安银行,城商行
600929,雪天盐业,无机盐
600930,华电新能,风力发电
600933,爱柯迪,底盘与发动机系统
600935,华塑股份,氯碱
600936,北投科技,行业应用软件
600938,中国海油,油气开采
600939,重庆建工,房屋建设
600941,中国移动,电信运营服务
600955,维远股份,有机化工原料
600956,新天绿能,燃气
600958,东方证券,证券
600959,江苏有线,广播电视
600960,渤海汽车,底盘与发动机系统
600961,株冶集团,铅锌
600962,国投中鲁,软饮料
600963,岳阳林纸,大宗用纸
600965,*ST福成,其他养殖
600966,博汇纸业,大宗用纸
600967,内蒙一机,地面兵装
600968,海油发展,油田服务
600969,郴电国际,电能综合服务
600970,中材国际,国际工程
600971,XD恒源煤,动力煤
600973,宝胜股份,线缆部件及其他
600975,新五丰,生猪养殖
600976,健民集团,中药
600977,中国电影,发行院线
600979,广安爱众,水力发电
600980,北矿科技,能源及重型设备
600981,苏豪汇鸿,贸易
600982,宁波能源,热力服务
600983,惠而浦,冰洗
600984,建设机械,工程机械整机
600985,淮北矿业,炼焦煤
600986,浙文互联,互联网广告
600987,航民股份,印染
600988,赤峰黄金,黄金
600989,宝丰能源,煤化工
600990,四创电子,军工电子
600992,贵绳股份,金属制品
600993,马应龙,中药
600995,南网储能,水力发电
600996,贵广网络,广播电视
600997,开滦股份,焦炭加工
600998,九州通,医药流通
600999,招商证券,证券
601000,唐山港,港口
601001,晋控煤业,动力煤
601002,晋亿实业,机械基础件
601003,柳钢股份,板材
601005,重庆钢铁,板材
601006,大秦铁路,铁路运输
601007,金陵饭店,酒店
601008,连云港,港口
601009,南京银行,城商行
601010,ST文峰,百货
601011,宝泰隆,焦炭加工
601012,隆基绿能,光伏电池组件
601015,陕西黑猫,焦炭加工
601016,节能风电,风力发电
601018,宁波港,港口
601019,山东出版,教育出版
601020,华钰矿业,铅锌
601021,春秋航空,航空运输
601022,宁波远洋,航运
601026,道生天合,风电零部件
601033,永兴股份,固废治理
601038,一拖股份,农用机械
601058,赛轮轮胎,轮胎轮毂
601059,信达证券,证券
601061,中信金属,贸易
601065,江盐集团,无机盐
601066,中信建投,证券
601068,中铝国际,其他专业工程
601069,西部黄金,黄金
601077,渝农商行,农商行
601083,锦江航运,航运
601086,国芳集团,百货
601088,中国神华,动力煤
601089,福元医药,化学制剂
601096,宏盛华源,钢结构
601098,中南传媒,教育出版
601099,太平洋,证券
601100,恒立液压,工程机械零件
601101,昊华能源,动力煤
601106,中国一重,能源及重型设备
601107,四川成渝,高速公路
601108,财通证券,证券
601111,中国国航,航空运输
601112,振石股份,玻纤制造
601113,华鼎股份,锦纶
601116,三江购物,超市及便利店
601117,中国化学,化学工程
601118,海南橡胶,其他种植业
601121,宝地矿业,铁矿石
601126,四方股份,电网自动化
601127,赛力斯,综合乘用车
601128,常熟银行,农商行
601133,柏诚股份,其他专业工程
601136,首创证券,证券
601137,博威合金,其他金属新材料
601138,工业富联,消费电子组件
601139,深圳燃气,燃气
601155,新城控股,住宅开发
601156,东航物流,跨境物流
601158,重庆水务,水务
601162,天风证券,证券
601163,三角轮胎,轮胎轮毂
601166,兴业银行,股份制银行
601168,西部矿业,铜
601169,北京银行,城商行
601177,杭齿前进,机械基础件
601179,中国西电,输变电设备
601186,中国铁建,基建工程
601187,厦门银行,城商行
601188,龙江交通,高速公路
601198,东兴证券,证券
601199,江南水务,水务
601200,上海环境,固废治理
601208,东材科技,塑料薄膜
601211,国泰海通,证券
601212,白银有色,铜
601216,君正集团,氯碱
601218,吉鑫科技,风电零部件
601222,林洋能源,光伏发电
601225,陕西煤业,动力煤
601226,华电科工,其他专业工程
601228,广州港,港口
601229,上海银行,城商行
601231,环旭电子,消费电子组件
601233,桐昆股份,涤纶
601236,红塔证券,证券
601238,广汽集团,综合乘用车
601279,英利汽车,车身附件及饰件
601288,农业银行,国有大型银行
601298,青岛港,港口
601311,骆驼股份,其他电池
601318,中国平安,保险
601319,中国人保,保险
601326,秦港股份,港口
601328,交通银行,国有大型银行
601330,绿色动力,固废治理
601333,广深铁路,铁路运输
601336,新华保险,保险
601339,百隆东方,棉纺制品
601360,三六零,基础软件
601366,利群股份,多业态零售
601368,绿城水务,水务
601369,陕鼓动力,其他通用设备
601375,中原证券,证券
601377,兴业证券,证券
601388,怡球资源,铝
601390,中国中铁,基建工程
601398,工商银行,国有大型银行
601399,国机重装,能源及重型设备
601456,国联民生,证券
601500,通用股份,轮胎轮毂
601512,中新集团,产业地产
601515,衢州东峰,纸包装
601518,吉林高速,高速公路
601519,大智慧,行业应用软件
601528,瑞丰银行,农商行
601555,东吴证券,证券
601566,九牧王,非运动服装
601567,三星电气,配电设备
601568,北元化工,氯碱
601577,长沙银行,城商行
601579,会稽山,黄酒
601588,北辰实业,住宅开发
601595,上海电影,发行院线
601598,中国外运,跨境物流
601599,浙文影业,其他纺织
601600,中国铝业,铝
601601,中国太保,保险
601606,长城军工,地面兵装
601607,上海医药,医药流通
601608,中信重工,能源及重型设备
601609,金田股份,铜
601611,中国核建,基建工程
601615,明阳智能,风电整机
601616,广电电气,配电设备
601618,中国中冶,其他专业工程
601619,嘉泽新能,风力发电
601628,中国人寿,保险
601633,长城汽车,综合乘用车
601636,旗滨集团,玻璃制造
601658,邮储银行,国有大型银行
601665,齐鲁银行,城商行
601666,平煤股份,炼焦煤
601668,中国建筑,房屋建设
601669,中国电建,基建工程
601677,明泰铝业,铝
601678,滨化股份,氯碱
601686,友发集团,其他钢材
601688,华泰证券,证券
601689,拓普集团,车身附件及饰件
601696,中银证券,证券
601698,中国卫通,航天装备
601699,潞安环能,炼焦煤
601700,风范股份,线缆部件及其他
601702,华峰铝业,铝
601717,中创智领,能源及重型设备
601718,ST际华,非运动服装
601727,上海电气,其他发电设备
601728,中国电信,电信运营服务
601766,中国中车,轨交设备
601777,千里科技,摩托车
601778,晶科科技,光伏发电
601788,光大证券,证券
601789,宁波建工,房屋建设
601798,蓝科高新,能源及重型设备
601799,星宇股份,车身附件及饰件
601800,中国交建,基建工程
601801,皖新传媒,大众出版
601808,中海油服,油田服务
601811,新华文轩,教育出版
601816,京沪高铁,铁路运输
601818,光大银行,股份制银行
601825,沪农商行,农商行
601827,三峰环境,固废治理
601828,美凯龙,商业物业经营
601838,成都银行,城商行
601857,中国石油,油气开采
601858,中国科传,其他出版
601860,紫金银行,农商行
601865,福莱特,光伏辅材
601866,中远海发,航运
601868,中国能建,基建工程
601869,长飞光纤,光纤光缆
601872,招商轮船,航运
601877,正泰电器,配电设备
601878,浙商证券,证券
601880,辽港股份,港口
601881,中国银河,证券
601882,海天精工,机床制造
601886,江河集团,装修装饰
601888,中国中免,旅游服务
601890,亚星锚链,航海装备
601898,中煤能源,动力煤
601899,紫金矿业,铜
601900,南方传媒,教育出版
601901,方正证券,证券
601908,京运通,光伏硅片
601916,浙商银行,股份制银行
601918,新集能源,动力煤
601919,中远海控,航运
601921,浙版传媒,大众出版
601928,凤凰传媒,教育出版
601929,吉视传媒,广播电视
601933,永辉超市,超市及便利店
601939,建设银行,国有大型银行
601949,中国出版,大众出版
601952,苏垦农发,粮食种植
601956,东贝集团,家电零部件
601958,金钼股份,钨钼
601963,重庆银行,城商行
601965,中国汽研,汽车综合服务
601966,玲珑轮胎,轮胎轮毂
601968,宝钢包装,金属包装
601969,海南矿业,铁矿石
601975,招商南油,航运
601985,中国核电,核力发电
601988,中国银行,国有大型银行
601990,南京证券,证券
601991,大唐发电,火力发电
601992,金隅集团,水泥制造
601995,中金公司,证券
601996,丰林集团,其他家居
601997,贵阳银行,城商行
601998,中信银行,股份制银行
601999,出版传媒,大众出版
603000,人民网,文字图片媒体
603001,奥康国际,鞋帽及其他
603002,宏昌电子,合成树脂
603004,鼎龙科技,其他化学制品
603005,晶方科技,半导体封测
603006,联明股份,车身附件及饰件
603007,顺景科技,园林工程
603008,ST喜临门,家具
603009,XD北特科,底盘与发动机系统
603010,万盛股份,塑料助剂
603011,合锻智能,其他专用设备
603012,创力集团,能源及重型设备
603013,亚普股份,底盘与发动机系统
603014,威高血净,医疗设备
603015,弘讯科技,工业控制设备
603016,新宏泰,配电设备
603017,中衡设计,工程咨询服务
603018,华设集团,工程咨询服务
603019,中科曙光,其他IT设备
603020,爱普股份,调味品
603021,*ST华鹏,其他家居
603022,新通联,其他包装
603023,威帝股份,汽车电子电气系统
603025,大豪科技,工业控制设备
603026,石大胜华,电池化学品
603027,千禾味业,调味品
603028,赛福天,金属制品
603029,天鹅股份,农用机械
603030,全筑股份,装修装饰
603031,安孚科技,其他电池
603032,德新科技,其他专用设备
603033,三维股份,橡胶制品
603035,常熟汽饰,车身附件及饰件
603036,如通股份,能源及重型设备
603037,凯众股份,底盘与发动机系统
603038,华立股份,家具
603039,泛微网络,基础软件
603040,新坐标,底盘与发动机系统
603041,美思德,聚氨酯
603042,华脉科技,光纤光缆
603043,XD广州酒,烘焙食品
603045,福达合金,其他金属新材料
603048,浙江黎明,底盘与发动机系统
603049,中策橡胶,轮胎轮毂
603050,科林电气,电网自动化
603051,鹿山新材,胶黏剂及胶带
603052,可川科技,消费电子组件
603053,成都燃气,燃气
603055,台华新材,其他纺织
603057,紫燕食品,熟食
603058,永吉股份,纸包装
603059,倍加洁,洗护用品
603060,国检集团,检测服务
603061,金海通,半导体设备
603062,麦加芯彩,涂料油墨
603063,禾望电气,风电零部件
603065,宿迁联盛,塑料助剂
603066,音飞储存,仓储物流
603067,振华股份,无机盐
603068,博通集成,集成电路设计
603069,海汽集团,公共交通
603070,万控智造,配电设备
603071,物产环能,贸易
603072,天和磁材,磁性材料
603073,彩蝶实业,其他纺织
603075,热威股份,家电零部件
603076,乐惠国际,其他专用设备
603077,和邦生物,纯碱
603078,江化微,半导体材料
603079,圣达生物,食品助剂
603080,XD新疆火,燃气
603081,大丰实业,其他专用设备
603082,北自科技,其他自动化设备
603083,剑桥科技,通信终端及配件
603085,天成自控,车身附件及饰件
603086,先达股份,农药
603087,XD甘李药,基因药物
603088,宁波精达,机床制造
603089,正裕工业,底盘与发动机系统
603090,宏盛股份,其他通用设备
603091,众鑫股份,其他家居
603092,德力佳,其他通用设备
603093,南华期货,期货
603095,越剑智能,纺织服装设备
603096,新经典,大众出版
603097,江苏华辰,输变电设备
603098,森特股份,钢结构
603099,长白山,旅游景区
603100,川仪股份,仪器仪表
603101,汇嘉时代,百货
603102,百合股份,保健品
603103,横店影视,发行院线
603105,芯能科技,光伏发电
603106,恒银科技,其他IT设备
603107,上海汽配,底盘与发动机系统
603108,润达医疗,医药流通
603109,神驰机电,电机制造
603110,东方材料,涂料油墨
603111,康尼机电,轨交设备
603112,华翔股份,金属制品
603113,金能科技,其他化学原料
603115,海星股份,铝
603116,红蜻蜓,鞋帽及其他
603117,万林物流,跨境物流
603118,共进股份,通信终端及配件
603119,浙江荣泰,其他汽车零部件
603120,肯特催化,其他化学制品
603121,华培动力,底盘与发动机系统
603122,合富中国,医药流通
603123,翠微股份,其他金融服务
603124,江南新材,其他金属新材料
603125,常青科技,有机化工原料
603126,中材节能,固废治理
603127,昭衍新药,医疗研发外包
603128,华贸物流,跨境物流
603129,春风动力,摩托车
603130,云中马,其他纺织
603131,上海沪工,其他通用设备
603132,金徽股份,铅锌
603135,中重科技,其他专用设备
603136,天目湖,旅游景区
603137,恒尚节能,装修装饰
603138,海量数据,基础软件
603139,康惠股份,中药
603150,万朗磁塑,其他塑料制品
603151,邦基科技,畜禽饲料
603153,上海建科,工程咨询服务
603155,新亚强,有机硅
603156,养元饮品,软饮料
603158,腾龙股份,底盘与发动机系统
603159,上海亚虹,其他专用设备
603160,汇顶科技,集成电路设计
603161,科华控股,底盘与发动机系统
603162,海通发展,航运
603163,圣晖集成,其他专业工程
603165,荣晟环保,大宗用纸
603166,福达股份,底盘与发动机系统
603167,渤海轮渡,航运
603168,莎普爱思,化学制剂
603169,兰石重装,能源及重型设备
603170,宝立食品,调味品
603171,税友股份,行业应用软件
603172,万丰股份,纺织化学品
603173,福斯达,其他专用设备
603175,超颖电子,PCB
603176,汇通集团,基建工程
603177,德创环保,大气治理
603178,圣龙股份,底盘与发动机系统
603179,新泉股份,汽车电子电气系统
603180,金牌家居,家具
603181,皇马科技,其他化学制品
603182,嘉华股份,其他农产品加工
603183,XD建研院,检测服务
603185,弘元绿能,光伏硅片
603186,华正新材,PCB
603187,海容冷链,制冷空调设备
603188,亚邦股份,纺织化学品
603189,*ST网达,行业应用软件
603190,亚通精工,其他汽车零部件
603191,望变电气,输变电设备
603192,汇得科技,聚氨酯
603193,XD润本股,洗护用品
603194,中力股份,工程机械整机
603195,公牛集团,其他家居
603196,璞源材料,非运动服装
603197,保隆科技,汽车电子电气系统
603198,迎驾贡酒,白酒
603199,九华旅游,旅游景区
603200,上海洗霸,水治理
603201,常润股份,其他汽车零部件
603202,天有为,汽车电子电气系统
603203,快克智能,其他专用设备
603205,健尔康,医疗耗材
603206,嘉环科技,网络工程施工
603207,小方制药,化学制剂
603208,江山欧派,家具
603209,兴通股份,航运
603210,泰鸿万立,其他汽车零部件
603211,晋拓股份,其他汽车零部件
603212,赛伍技术,光伏辅材
603213,镇洋发展,氯碱
603214,爱婴室,专业连锁
603215,比依股份,厨房小家电
603216,梦天家居,家具
603217,元利科技,有机化工原料
603218,日月股份,风电零部件
603219,富佳股份,清洁小家电
603220,中贝通信,网络工程施工
603221,爱丽家居,家具
603222,济民健康,医疗耗材
603223,恒通股份,公路货运
603225,新凤鸣,涤纶
603226,菲林格尔,家具
603227,雪峰科技,民爆制品
603228,景旺电子,PCB
603229,奥翔药业,原料药
603230,内蒙新华,大众出版
603231,索宝蛋白,粮油加工
603232,格尔软件,基础软件
603233,大参林,线下药店
603235,天新药业,原料药
603236,移远通信,通信终端及配件
603237,五芳斋,其他食品
603238,诺邦股份,其他纺织
603239,浙江仙通,车身附件及饰件
603248,锡华科技,风电零部件
603255,鼎际得,塑料助剂
603256,宏和科技,玻纤制造
603257,中国瑞林,工程咨询服务
603258,电魂网络,游戏
603259,XD药明康,医疗研发外包
603260,合盛硅业,有机硅
603261,*ST立航,航空装备
603262,技源集团,保健品
603266,天龙股份,其他汽车零部件
603267,鸿远电子,军工电子
603268,松发股份,航海装备
603269,海鸥股份,其他通用设备
603270,金帝股份,金属制品
603271,永杰新材,铝
603272,*ST联翔,其他家居
603273,天元智能,其他专用设备
603275,众辰科技,工业控制设备
603276,恒兴新材,有机化工原料
603277,银都股份,制冷空调设备
603278,大业股份,金属制品
603279,景津装备,环保设备
603280,南方路机,工程机械整机
603281,江瀚新材,有机硅
603282,亚光股份,其他专用设备
603283,赛腾股份,工业控制设备
603284,林平发展,大宗用纸
603285,键邦股份,其他化学制品
603286,日盈电子,车身附件及饰件
603288,海天味业,调味品
603289,泰瑞机器,其他专用设备
603290,斯达半导,功率半导体
603291,联合水务,水务
603293,埃泰克,汽车电子电气系统
603296,华勤技术,消费电子组件
603297,永新光学,光学元件
603298,XD杭叉集,工程机械整机
603299,苏盐井神,无机盐
603300,海南华铁,租赁
603301,振德医疗,医疗耗材
603303,得邦照明,LED
603305,旭升集团,底盘与发动机系统
603306,华懋科技,车身附件及饰件
603307,扬州金泉,娱乐用品
603308,应流股份,机械基础件
603309,维力医疗,医疗耗材
603310,巍华新材,氟化工
603311,金海高科,家电零部件
603312,西典新能,输变电设备
603313,梦百合,家具
603315,福鞍股份,大气治理
603316,诚邦股份,园林工程
603317,天味食品,调味品
603318,水发燃气,燃气
603319,美湖股份,底盘与发动机系统
603320,迪贝电气,电机制造
603321,梅轮电梯,楼宇设备
603322,超讯通信,网络优化运维
603323,苏农银行,农商行
603324,盛剑科技,环保设备
603325,博隆技术,能源及重型设备
603326,我乐家居,家具
603327,福蓉科技,消费电子组件
603328,依顿电子,PCB
603329,上海雅仕,供应链服务
603330,天洋新材,胶黏剂及胶带
603331,百达精工,制冷空调设备
603332,苏州龙杰,涤纶
603333,尚纬股份,线缆部件及其他
603334,丰倍生物,其他化学制品
603335,迪生力,轮胎轮毂
603336,宏辉果蔬,果蔬加工
603337,杰克科技,纺织服装设备
603338,浙江鼎力,工程机械整机
603339,四方科技,制冷空调设备
603341,龙旗科技,通信终端及配件
603344,星德胜,电机制造
603345,安井食品,预加工食品
603348,文灿股份,其他汽车零部件
603350,安乃达,电机制造
603351,威尔药业,原料药
603352,至信股份,其他汽车零部件
603353,和顺石油,石油贸易
603355,莱克电气,清洁小家电
603356,华菱精工,楼宇设备
603357,设计总院,工程咨询服务
603358,华达科技,车身附件及饰件
603359,*ST东珠,园林工程
603360,百傲化学,农药
603363,傲农生物,畜禽饲料
603365,水星家纺,家纺
603366,日出东方,卫浴电器
603367,辰欣药业,化学制剂
603368,柳药集团,医药流通
603369,今世缘,白酒
603370,华新精科,电机制造
603373,安邦护卫,其他专业服务
603375,盛景微,集成电路设计
603376,大明电子,汽车电子电气系统
603377,ST东时,教育培训
603378,*ST亚士,涂料
603379,三美股份,氟化工
603380,易德龙,消费电子组件
603381,永臻股份,光伏辅材
603382,海阳科技,锦纶
603383,顶点软件,行业应用软件
603385,惠达卫浴,其他家居
603386,骏亚科技,PCB
603387,基蛋生物,诊断试剂
603389,*ST亚振,家具
603390,通达电气,汽车电子电气系统
603391,力聚热能,能源及重型设备
603392,万泰生物,疫苗
603393,新天然气,燃气
603395,红四方,复合肥
603396,金辰股份,光伏加工设备
603398,*ST沐邦,光伏硅片
603399,永杉锂业,钨钼
603400,华之杰,其他通用设备
603402,陕西旅游,旅游景区
603406,天富龙,涤纶
603407,长裕集团,无机盐
603408,建霖家居,其他家居
603409,汇通控股,其他汽车零部件
603416,信捷电气,工业控制设备
603418,友升股份,车身附件及饰件
603421,鼎信通讯,其他通信设备
603429,*ST集友,纸包装
603435,嘉德利,其他电子
603439,三力制药,中药
603444,吉比特,游戏
603456,九洲药业,医疗研发外包
603458,勘设股份,工程咨询服务
603459,红板科技,PCB
603466,风语筑,其他数字媒体
603477,巨星农牧,生猪养殖
603486,科沃斯,清洁小家电
603488,展鹏科技,楼宇设备
603489,八方股份,电机制造
603496,恒为科技,其他IT设备
603499,翔港科技,纸包装
603500,祥和实业,轨交设备
603501,豪威集团,集成电路设计
603505,金石资源,氟化工
603506,南都物业,物业管理
603507,振江股份,风电零部件
603508,思维列控,安防设备
603511,爱慕股份,鞋帽及其他
603515,欧普照明,LED
603516,淳中科技,其他IT设备
603517,ST绝味,熟食
603518,锦泓集团,非运动服装
603519,立霸股份,家电零部件
603520,司太立,原料药
603527,众源新材,铜
603528,多伦科技,行业应用软件
603529,爱玛科技,其他交通设备
603530,神马电力,线缆部件及其他
603533,掌阅科技,文字图片媒体
603535,嘉诚国际,跨境物流
603536,惠发食品,预加工食品
603538,美诺华,原料药
603551,奥普科技,卫浴电器
603556,海兴电力,电工仪器
603557,*ST起步,鞋帽及其他
603558,健盛集团,棉纺制品
603559,ST通脉,网络工程施工
603565,中谷物流,航运
603566,普莱柯,动物保健
603567,珍宝岛,中药
603568,伟明环保,固废治理
603569,长久物流,公路货运
603577,汇金通,线缆部件及其他
603578,三星新材,家电零部件
603579,荣泰健康,个护小家电
603580,*ST艾艾,其他塑料制品
603583,捷昌驱动,工业控制设备
603585,苏利股份,农药
603586,金麒麟,底盘与发动机系统
603587,地素时尚,非运动服装
603588,高能环境,固废治理
603589,口子窖,白酒
603590,康辰药业,其他生物制药
603595,ST东尼,消费电子组件
603596,伯特利,底盘与发动机系统
603598,引力传媒,互联网广告
603599,广信股份,农药
603600,永艺股份,家具
603601,再升科技,玻纤制造
603602,纵横通信,网络工程施工
603605,珀莱雅,化妆品
603606,东方电缆,线缆部件及其他
603607,京华激光,其他包装
603608,天创时尚,鞋帽及其他
603609,禾丰股份,畜禽饲料
603610,麒盛科技,家具
603611,诺力股份,其他专用设备
603612,索通发展,非金属材料
603613,国联股份,产联网平台服务
603615,茶花股份,其他家居
603616,韩建河山,水泥制品
603617,君禾股份,机械基础件
603618,杭电股份,线缆部件及其他
603619,中曼石油,油田服务
603626,科森科技,消费电子组件
603628,清源股份,光伏辅材
603629,利通电子,消费电子组件
603630,拉芳家化,洗护用品
603633,徕木股份,汽车电子电气系统
603636,南威软件,行业应用软件
603637,镇海股份,化学工程
603638,艾迪精密,工程机械零件
603639,海利尔,农药
603648,畅联股份,供应链服务
603650,彤程新材,橡胶助剂
603655,朗博科技,其他汽车零部件
603656,泰禾智能,其他专用设备
603657,春光科技,家电零部件
603658,安图生物,诊断试剂
603659,璞泰来,电池化学品
603660,苏州科达,其他IT设备
603661,恒林股份,家具
603662,柯力传感,仪器仪表
603663,三祥新材,其他金属
603665,康隆达,鞋帽及其他
603666,亿嘉和,机器人
603667,五洲新春,机械基础件
603668,天马科技,水产饲料
603669,灵康药业,化学制剂
603676,卫信康,化学制剂
603677,奇精机械,家电零部件
603678,火炬电子,军工电子
603679,华体科技,LED
603680,今创集团,轨交设备
603681,永冠新材,胶黏剂及胶带
603682,锦和商管,商业物业经营
603683,晶华新材,胶黏剂及胶带
603685,晨丰科技,LED
603686,福龙马,环保设备
603687,大胜达,纸包装
603688,石英股份,非金属材料
603689,XD皖天然,燃气
603690,至纯科技,半导体设备
603693,江苏新能,风力发电
603696,安记食品,调味品
603697,有友食品,零食
603698,XD航天工,能源及重型设备
603699,纽威股份,机械基础件
603700,宁水集团,仪器仪表
603701,XD德宏股,底盘与发动机系统
603703,盛洋科技,面板
603706,东方环宇,燃气
603707,健友股份,其他生物制药
603708,家家悦,超市及便利店
603709,中源家居,家具
603711,香飘飘,软饮料
603712,七一二,军工电子
603713,密尔克卫,仓储物流
603716,塞力医疗,医药流通
603717,天域生物,生猪养殖
603718,*ST海利,动物保健
603719,良品铺子,零食
603721,*ST天择,影视制作
603722,阿科力,有机化工原料
603725,天安新材,改性塑料
603726,朗迪集团,家电零部件
603727,博迈科,油气工程
603728,鸣志电器,电机制造
603729,ST龙韵,其他广告营销
603730,岱美股份,车身附件及饰件
603733,仙鹤股份,特种纸
603737,三棵树,涂料
603738,泰晶科技,被动元件
603739,XD蔚蓝生,动物保健
603755,日辰股份,调味品
603757,大元泵业,机械基础件
603758,秦安股份,底盘与发动机系统
603759,海天股份,水务
603766,隆鑫通用,摩托车
603767,中马传动,底盘与发动机系统
603768,常青股份,车身附件及饰件
603773,沃格光电,光学元件
603776,永安行,其他交通设备
603777,来伊份,零食
603778,国晟科技,光伏电池组件
603779,威龙股份,葡萄酒
603786,科博达,汽车电子电气系统
603787,新日股份,摩托车
603788,宁波高发,底盘与发动机系统
603789,ST星农,农用机械
603790,雅运股份,纺织化学品
603797,联泰环保,水治理
603798,康普顿,其他石化
603799,华友钴业,钴
603800,洪田股份,能源及重型设备
603801,志邦家居,家具
603803,瑞斯康达,通信终端及配件
603806,福斯特,光伏辅材
603808,歌力思,非运动服装
603809,豪能股份,底盘与发动机系统
603810,丰山集团,农药
603811,诚意药业,化学制剂
603813,*ST原尚,公路货运
603815,交建股份,基建工程
603816,顾家家居,家具
603817,海峡环保,水治理
603818,曲美家居,家具
603819,神力股份,电机制造
603822,ST嘉澳,塑料助剂
603823,百合花,涂料油墨
603825,ST华扬,互联网广告
603826,坤彩科技,非金属材料
603828,*ST利达,装修装饰
603829,洛凯股份,配电设备
603833,欧派家居,家具
603836,海程邦达,跨境物流
603838,*ST四通,其他家居
603839,安正时尚,非运动服装
603843,*ST正平,基建工程
603848,好太太,其他家居
603855,华荣股份,其他专用设备
603856,东宏股份,管材
603858,步长制药,中药
603859,能科科技,行业应用软件
603860,XD中公高,工程咨询服务
603861,白云电器,配电设备
603863,松炀资源,大宗用纸
603866,桃李面包,烘焙食品
603867,新化股份,有机化工原料
603868,飞科电器,个护小家电
603869,ST智知,行业应用软件
603871,嘉友国际,跨境物流
603876,鼎胜新材,铝
603877,太平鸟,非运动服装
603878,武进不锈,其他钢材
603879,永悦科技,合成树脂
603880,南卫股份,医疗耗材
603881,数据港,云基础设施服务
603882,金域医学,诊断服务
603883,老百姓,线下药店
603885,吉祥航空,航空运输
603886,元祖股份,烘焙食品
603887,城地香江,云基础设施服务
603888,新华网,文字图片媒体
603889,新澳股份,其他纺织
603890,春秋电子,消费电子组件
603893,瑞芯微,集成电路设计
603895,天永智能,其他专用设备
603896,寿仙谷,中药
603897,长城科技,线缆部件及其他
603898,好莱客,家具
603899,晨光股份,文化用品
603900,莱绅通灵,钟表珠宝
603901,永创智能,印刷包装机械
603903,中持股份,水治理
603906,龙蟠科技,电池化学品
603908,牧高笛,鞋帽及其他
603909,建发合诚,工程咨询服务
603912,佳力图,其他专用设备
603915,国茂股份,机械基础件
603916,苏博特,其他化学制品
603917,合力科技,其他汽车零部件
603918,金桥信息,行业应用软件
603919,金徽酒,白酒
603920,世运电路,PCB
603922,ST金鸿顺,车身附件及饰件
603926,铁流股份,底盘与发动机系统
603927,中科软,行业应用软件
603928,兴业股份,合成树脂
603929,亚翔集成,其他专业工程
603931,格林达,半导体材料
603933,睿能科技,其他电子
603936,博敏电子,PCB
603937,丽岛新材,铝
603938,三孚股份,其他化学原料
603939,益丰药房,线下药店
603948,建业股份,有机化工原料
603949,雪龙集团,底盘与发动机系统
603950,长源东谷,底盘与发动机系统
603955,大千生态,园林工程
603956,威派格,其他专用设备
603958,哈森股份,鞋帽及其他
603959,ST百利,化学工程
603960,克来机电,汽车电子电气系统
603966,法兰泰克,能源及重型设备
603967,中创物流,跨境物流
603968,醋化股份,食品助剂
603969,银龙股份,金属制品
603970,中农立华,农药
603976,正川股份,医疗耗材
603977,国泰集团,民爆制品
603978,深圳新星,其他金属新材料
603979,金诚信,铜
603980,吉华集团,纺织化学品
603982,泉峰汽车,底盘与发动机系统
603983,丸美生物,化妆品
603985,恒润股份,风电零部件
603986,兆易创新,集成电路设计
603987,康德莱,医疗耗材
603988,XD中电电,电机制造
603989,艾华集团,被动元件
603990,麦迪科技,行业应用软件
603991,领先股份,半导体材料
603992,XD松霖科,其他家居
603993,洛阳钼业,钨钼
603995,甬金股份,特钢
603997,继峰股份,车身附件及饰件
603998,XD方盛制,中药
603999,读者传媒,大众出版
605001,威奥股份,轨交设备
605003,众望布艺,家纺
605005,合兴股份,汽车电子电气系统
605006,山东玻纤,玻纤制造
605007,五洲特纸,特种纸
605008,长鸿高科,橡胶制品
605009,豪悦护理,生活用纸
605011,XD杭州热,热力服务
605016,百龙创园,食品助剂
605018,长华集团,其他汽车零部件
605020,XD永和股,氟化工
605028,世茂能源,热力服务
605033,美邦股份,农药
605050,福然德,供应链服务
605055,迎丰股份,印染
605056,咸亨国际,仪器仪表
605058,澳弘电子,PCB
605060,联德股份,机械基础件
605066,天正电气,配电设备
605068,明新旭腾,车身附件及饰件
605069,正和生态,生态修复
605077,华康股份,制糖业
605080,浙江自然,娱乐用品
605081,*ST太和,生态修复
605086,龙高股份,非金属材料
605088,冠盛股份,底盘与发动机系统
605089,味知香,预加工食品
605090,九丰能源,燃气
605098,行动教育,教育培训
605099,共创草坪,其他家居
605100,华丰股份,机械基础件
605108,同庆楼,餐饮
605111,新洁能,功率半导体
605116,奥锐特,原料药
605117,德业股份,光伏逆变器
605118,力鼎光电,光学元件
605122,四方新材,水泥制品
605123,派克新材,航空装备
605128,上海沿浦,车身附件及饰件
605133,嵘泰股份,底盘与发动机系统
605136,丽人丽妆,电商服务
605138,盛泰集团,非运动服装
605151,西上海,车身附件及饰件
605155,西大门,其他家居
605158,华达新材,板材
605162,新中港,热力服务
605166,聚合顺,锦纶
605167,利柏特,化学工程
605168,三人行,互联网广告
605169,洪通燃气,燃气
605177,东亚药业,原料药
605178,时空科技,装修装饰
605179,一鸣食品,乳制品
605180,华生科技,其他纺织
605183,确成股份,炭黑
605186,健麾信息,其他自动化设备
605188,XD国光连,超市及便利店
605189,富春染织,印染
605196,华通线缆,线缆部件及其他
605198,安德利,软饮料
605199,ST葫芦娃,中药
605208,永茂泰,铝
605218,伟时电子,LED
605222,起帆电缆,线缆部件及其他
605228,神通科技,车身附件及饰件
605255,天普股份,底盘与发动机系统
605258,协和电子,PCB
605259,绿田机械,其他通用设备
605266,健之佳,线下药店
605268,王力安防,其他家居
605277,新亚电子,消费电子组件
605286,同力天启,楼宇设备
605287,德才股份,装修装饰
605288,凯迪股份,工业控制设备
605289,罗曼股份,其他专业工程
605296,神农集团,生猪养殖
605298,必得科技,轨交设备
605299,舒华体育,娱乐用品
605300,佳禾食品,乳制品
605303,园林股份,园林工程
605305,中际联合,工程机械整机
605318,法狮龙,其他建材
605319,无锡振华,其他汽车零部件
605333,沪光股份,汽车电子电气系统
605336,*ST帅电,厨房电器
605337,李子园,乳制品
605338,巴比食品,预加工食品
605339,南侨食品,烘焙食品
605358,立昂微,半导体材料
605365,立达信,LED
605366,宏柏新材,有机硅
605368,蓝天燃气,燃气
605369,拱东医疗,医疗耗材
605376,博迁新材,镍
605377,华旺科技,特种纸
605378,野马电池,其他电池
605388,均瑶健康,乳制品
605389,长龄液压,工程机械零件
605398,新炬网络,其他云服务
605399,晨光新材,有机硅
605488,福莱新材,其他塑料制品
605499,东鹏饮料,软饮料
605500,森林包装,大宗用纸
605507,DR国邦医,原料药
605555,德昌股份,清洁小家电
605566,福莱蒽特,纺织化学品
605567,春雪食品,肉制品
605577,龙版传媒,教育出版
605580,恒盛能源,热力服务
605588,冠石科技,光学元件
605589,圣泉集团,合成树脂
605598,上海港湾,其他专业工程
605599,菜百股份,钟表珠宝
688001,华兴源创,其他专用设备
688002,睿创微纳,军工电子
688003,天准科技,其他专用设备
688004,博汇科技,行业应用软件
688005,容百科技,电池化学品
688006,XD杭可科,锂电设备
688007,光峰科技,品牌消费电子
688008,澜起科技,集成电路设计
688009,中国通号,轨交设备
688010,福光股份,光学元件
688011,新光光电,军工电子
688012,DR中微公,半导体设备
688013,天臣医疗,医疗耗材
688015,交控科技,轨交设备
688016,心脉医疗,医疗耗材
688017,绿的谐波,机器人
688018,乐鑫科技,集成电路设计
688019,安集科技,半导体材料
688020,方邦股份,PCB
688021,奥福科技,其他汽车零部件
688022,ST瀚川,其他专用设备
688023,安恒信息,基础软件
688025,杰普特,激光设备
688026,洁特生物,医疗耗材
688027,国盾量子,通信终端及配件
688028,沃尔德,机械基础件
688029,南微医学,医疗耗材
688030,山石网科,基础软件
688031,星环科技-U,行业应用软件
688032,禾迈股份,光伏逆变器
688033,*ST天宜,光伏加工设备
688035,XD德邦科,半导体材料
688036,传音控股,品牌消费电子
688037,芯源微,半导体设备
688038,中科通达,基础软件
688039,当虹科技,行业应用软件
688041,海光信息,集成电路设计
688045,必易微,集成电路设计
688046,药康生物,医疗研发外包
688047,龙芯中科,集成电路设计
688048,长光华芯,半导体制造
688049,炬芯科技,集成电路设计
688050,爱博医疗,医疗耗材
688051,佳华科技,行业应用软件
688052,纳芯微,集成电路设计
688053,ST思科瑞,检测服务
688055,龙腾光电,面板
688056,莱伯泰科,仪器仪表
688057,金达莱,水治理
688058,宝兰德,基础软件
688059,华锐精密,金属制品
688060,云涌科技,其他IT设备
688061,灿瑞科技,集成电路设计
688062,迈威生物-U,其他生物制药
688063,派能科技,锂电池
688065,凯赛生物,有机化工原料
688066,*ST航图,行业应用软件
688067,爱威科技,体外诊断
688068,热景生物,诊断试剂
688069,德林海,生态修复
688070,纵横股份,航空装备
688071,华依科技,其他专用设备
688072,拓荆科技,半导体设备
688073,毕得医药,医疗研发外包
688075,安旭生物,诊断试剂
688076,ST诺泰,医疗研发外包
688077,大地熊,磁性材料
688078,龙软科技,行业应用软件
688079,美迪凯,光学元件
688080,映翰通,其他通信设备
688081,兴图新科,军工电子
688082,盛美上海,半导体设备
688083,中望软件,行业应用软件
688084,晶品特装,地面兵装
688085,三友医疗,医疗耗材
688087,英科再生,固废治理
688088,虹软科技,新兴软件
688089,嘉必优,食品助剂
688090,瑞松科技,机器人
688091,上海谊众,化学制剂
688092,爱科科技,其他专用设备
688093,世华科技,其他电子
688095,福昕软件,基础软件
688096,京源环保,水治理
688097,博众精工,工业控制设备
688098,申联生物,动物保健
688099,晶晨股份,集成电路设计
688100,威胜信息,通信终端及配件
688101,三达膜,水治理
688102,斯瑞新材,铜
688103,国力电子,其他电子
688105,诺唯赞,其他生物制药
688106,金宏气体,半导体材料
688107,安路科技,集成电路设计
688108,赛诺医疗,医疗耗材
688109,品茗科技,行业应用软件
688110,东芯股份,集成电路设计
688111,金山办公,云软件服务
688112,鼎阳科技,仪器仪表
688113,联测科技,其他专用设备
688114,华大智造,医疗设备
688115,思林杰,仪器仪表
688116,天奈科技,电池化学品
688117,圣诺生物,其他生物制药
688118,普元信息,云平台服务
688119,中钢洛耐,耐火材料
688120,华海清科,半导体设备
688121,卓然股份,能源及重型设备
688122,西部超导,钛
688123,聚辰股份,集成电路设计
688125,安达智能,其他专用设备
688126,沪硅产业,半导体材料
688127,蓝特光学,光学元件
688128,中国电研,其他专用设备
688129,东来技术,涂料油墨
688130,晶华微,集成电路设计
688131,皓元医药,医疗研发外包
688132,邦彦技术,军工电子
688133,泰坦科技,其他化学制品
688135,利扬芯片,半导体封测
688136,科兴制药,基因药物
688137,近岸蛋白,其他生物制药
688138,清溢光电,半导体材料
688139,海尔生物,医疗设备
688141,杰华特,集成电路设计
688143,长盈通,光纤光缆
688146,中船特气,半导体材料
688147,微导纳米,光伏加工设备
688148,芳源股份,电池化学品
688150,莱特光电,光学元件
688151,华强科技,医疗耗材
688152,麒麟信安,基础软件
688153,唯捷创芯,集成电路设计
688155,先惠技术,锂电设备
688156,路德科技,畜禽饲料
688157,松井股份,涂料油墨
688158,优刻得-W,云基础设施服务
688159,有方科技,通信终端及配件
688160,步科股份,工业控制设备
688161,威高骨科,医疗耗材
688162,巨一科技,其他专用设备
688163,XD赛伦生,其他生物制药
688165,埃夫特-U,机器人
688166,博瑞医药,原料药
688167,炬光科技,光学元件
688168,安博通,基础软件
688169,石头科技,清洁小家电
688170,德龙激光,激光设备
688171,纬德信息,行业应用软件
688172,燕东微,功率半导体
688173,希荻微,集成电路设计
688175,高凌信息,其他通信设备
688176,亚虹医药-U,其他生物制药
688177,百奥泰,其他生物制药
688178,万德斯,水治理
688179,阿拉丁,其他化学制品
688180,君实生物-U,抗体
688181,八亿时空,光学元件
688182,灿勤科技,网络接配及塔设
688183,生益电子,PCB
688184,ST帕瓦,电池化学品
688185,康希诺,疫苗
688186,广大特材,风电零部件
688187,时代电气,轨交设备
688188,柏楚电子,工业控制设备
688189,南新制药,化学制剂
688190,云路股份,磁性材料
688191,智洋创新,电网自动化
688192,迪哲医药-U,其他生物制药
688193,仁度生物,诊断试剂
688195,DR腾景科,光学元件
688196,卓越新能,固废治理
688197,首药控股-U,化学制剂
688198,佰仁医疗,医疗耗材
688199,久日新材,塑料助剂
688200,华峰测控,半导体设备
688201,ST信安,基础软件
688202,美迪西,医疗研发外包
688203,海正生材,改性塑料
688205,德科立,网络接配及塔设
688206,概伦电子,集成电路设计
688207,格灵深瞳,新兴软件
688208,道通科技,其他IT设备
688209,英集芯,集成电路设计
688210,统联精密,消费电子组件
688211,中科微至,其他专用设备
688212,澳华内镜,医疗设备
688213,思特威-W,集成电路设计
688215,瑞晟智能,其他专用设备
688216,气派科技,半导体封测
688217,睿昂基因,诊断试剂
688218,江苏北人,机器人
688219,会通股份,改性塑料
688220,翱捷科技-U,集成电路设计
688221,前沿生物-U,其他生物制药
688222,成都先导,医疗研发外包
688223,晶科能源,光伏电池组件
688225,亚信安全,行业应用软件
688226,威腾电气,线缆部件及其他
688227,品高股份,云平台服务
688228,开普云,行业应用软件
688229,博睿数据,行业应用软件
688230,芯导科技,功率半导体
688231,隆达股份,航天装备
688232,新点软件,行业应用软件
688233,神工股份,半导体材料
688234,天岳先进,半导体材料
688235,百济神州,其他生物制药
688236,春立医疗,医疗耗材
688237,超卓航科,航空装备
688238,和元生物,医疗研发外包
688239,航宇科技,航空装备
688244,永信至诚,行业应用软件
688246,嘉和美康,行业应用软件
688247,宣泰医药,化学制剂
688248,南网科技,电网自动化
688249,晶合集成,半导体制造
688251,井松智能,其他通用设备
688252,天德钰,集成电路设计
688253,英诺特,体外诊断
688255,凯尔达,机器人
688256,寒武纪,集成电路设计
688257,新锐股份,金属制品
688258,卓易信息,产联网综合服务
688259,创耀科技,集成电路设计
688260,昀冢科技,消费电子组件
688261,东微半导,功率半导体
688262,国芯科技,集成电路设计
688265,南模生物,医疗研发外包
688266,泽璟制药-U,其他生物制药
688267,中触媒,其他化学制品
688268,华特气体,半导体材料
688269,凯立新材,其他化学制品
688270,ST臻镭,集成电路设计
688271,联影医疗,医疗设备
688272,富吉瑞,军工电子
688273,麦澜德,医疗设备
688275,万润新能,电池化学品
688276,百克生物,疫苗
688277,天智航-U,医疗设备
688278,XD特宝生,其他生物制药
688279,峰岹科技,集成电路设计
688280,精进电动-W,底盘与发动机系统
688281,华秦科技,航空装备
688282,理工导航,军工电子
688283,坤恒顺维,仪器仪表
688285,高铁电气,轨交设备
688286,敏芯股份,集成电路设计
688288,鸿泉技术,其他IT设备
688289,圣湘生物,诊断试剂
688290,景业智能,机器人
688291,金橙子,行业应用软件
688292,浩瀚深度,其他通信设备
688293,奥浦迈,医疗研发外包
688295,中复神鹰,碳纤维
688296,和达科技,行业应用软件
688297,中无人机,航空装备
688298,东方生物,诊断试剂
688299,长阳科技,光学元件
688300,联瑞新材,非金属材料
688301,奕瑞科技,医疗设备
688302,海创药业-U,其他生物制药
688303,大全能源,光伏硅料
688305,科德数控,机床制造
688306,均普智能,其他专用设备
688307,中润光学,光学元件
688308,欧科亿,金属制品
688309,恒誉环保,环保设备
688310,迈得医疗,制药装备
688311,盟升电子,军工电子
688312,燕麦科技,其他专用设备
688313,仕佳光子,网络接配及塔设
688314,康拓医疗,医疗耗材
688315,诺禾致源,诊断服务
688316,青云科技-U,云基础设施服务
688317,之江生物,诊断试剂
688318,财富趋势,行业应用软件
688319,欧林生物,疫苗
688320,禾川科技,工业控制设备
688321,微芯生物,化学制剂
688322,奥比中光-W,光学元件
688323,瑞华泰,塑料薄膜
688325,赛微微电,集成电路设计
688326,经纬恒润-W,汽车电子电气系统
688327,云从科技-UW,行业应用软件
688328,深科达,其他专用设备
688329,艾隆科技,其他自动化设备
688330,宏力达,电网自动化
688331,荣昌生物,抗体
688332,中科蓝讯,集成电路设计
688333,铂力特,其他通用设备
688334,西高院,检测服务
688335,复洁科技,环保设备
688336,三生国健,抗体
688337,普源精电,仪器仪表
688338,赛科希德,诊断试剂
688339,亿华通-U,燃料电池
688343,云天励飞-U,行业应用软件
688345,博力威,锂电池
688347,华虹公司,半导体制造
688348,昱能科技,光伏逆变器
688349,三一重能,风电整机
688350,富淼科技,其他化学制品
688351,微电生理,医疗耗材
688352,颀中科技,半导体封测
688353,华盛锂电,电池化学品
688355,明志科技,金属制品
688356,键凯科技,原料药
688357,建龙微纳,非金属材料
688358,祥生医疗,医疗设备
688359,三孚新科,半导体材料
688360,德马科技,其他专用设备
688361,中科飞测,半导体设备
688362,甬矽电子,半导体封测
688363,华熙生物,医美耗材
688365,光云科技,云软件服务
688366,昊海生科,医疗耗材
688367,工大高科,轨交设备
688368,晶丰明源,集成电路设计
688369,致远互联,行业应用软件
688370,丛麟科技,固废治理
688371,菲沃泰,消费电子组件
688372,伟测科技,半导体封测
688373,盟科药业-U,化学制剂
688375,国博电子,军工电子
688376,美埃科技,环保设备
688377,迪威尔,能源及重型设备
688378,奥来德,其他专用设备
688379,华光新材,金属制品
688380,中微半导,集成电路设计
688381,帝奥微,集成电路设计
688382,益方生物-U,其他生物制药
688383,新益昌,其他专用设备
688385,复旦微电,集成电路设计
688386,泛亚微透,塑料薄膜
688387,信科移动-U,系统设备
688388,嘉元科技,锂电池
688389,普门科技,体外诊断
688390,固德威,光伏逆变器
688391,钜泉科技,集成电路设计
688392,骄成超声,其他专用设备
688393,安必平,诊断试剂
688395,正弦电气,工业控制设备
688396,华润微,功率半导体
688398,赛特新材,非金属材料
688399,硕世生物,诊断试剂
688400,凌云光,其他专用设备
688401,路维光电,半导体材料
688403,汇成股份,半导体封测
688408,中信博,光伏辅材
688409,富创精密,半导体设备
688410,山外山,医疗设备
688411,海博思创,其他电池
688416,恒烁股份,集成电路设计
688418,震有科技,其他通信设备
688419,耐科装备,半导体设备
688420,美腾科技,其他专用设备
688425,铁建重工,工程机械整机
688426,康为世纪,诊断试剂
688428,诺诚健华,其他生物制药
688429,时创能源,光伏电池组件
688432,有研硅,半导体材料
688433,华曙高科,其他专用设备
688435,英方软件,行业应用软件
688439,振华风光,军工电子
688443,智翔金泰-U,其他生物制药
688448,磁谷科技,其他专用设备
688449,联芸科技,集成电路设计
688450,光格科技,仪器仪表
688455,科捷智能,其他通用设备
688456,有研粉材,铜
688458,美芯晟,集成电路设计
688459,哈铁科技,轨交设备
688466,金科环境,水治理
688468,科美诊断,诊断试剂
688469,芯联集成-U,半导体制造
688472,阿特斯,光伏电池组件
688475,萤石网络,品牌消费电子
688478,晶升股份,半导体设备
688479,友车科技,行业应用软件
688480,赛恩斯,水治理
688484,南芯科技,集成电路设计
688485,九州一轨,轨交设备
688486,龙迅股份,集成电路设计
688488,艾迪药业,其他生物制药
688489,三未信安,安防设备
688496,*ST清越,面板
688498,源杰科技,集成电路设计
688499,利元亨,锂电设备
688500,慧辰股份,行业应用软件
688501,青达环保,环保设备
688502,茂莱光学,光学元件
688503,聚和材料,光伏辅材
688505,复旦张江,化学制剂
688506,百利天恒,化学制剂
688507,索辰科技,行业应用软件
688508,芯朋微,集成电路设计
688509,正元地信,行业应用软件
688510,航亚科技,航空装备
688511,天微电子,军工电子
688512,慧智微-U,集成电路设计
688513,苑东生物,化学制剂
688515,裕太微-U,集成电路设计
688516,奥特维,光伏加工设备
688517,金冠电气,配电设备
688518,联赢激光,激光设备
688519,南亚新材,PCB
688520,神州细胞,抗体
688521,芯原股份,集成电路设计
688522,纳睿雷达,军工电子
688523,航天环宇,航天装备
688525,佰维存储,集成电路设计
688526,科前生物,动物保健
688528,秦川物联,仪器仪表
688529,豪森智能,其他专用设备
688530,欧莱新材,半导体材料
688531,日联科技,其他专用设备
688533,上声电子,汽车电子电气系统
688535,华海诚科,半导体材料
688536,思瑞浦,集成电路设计
688538,和辉光电-U,面板
688539,高华科技,仪器仪表
688543,国科军工,地面兵装
688545,兴福电子,半导体材料
688548,广钢气体,半导体材料
688549,中巨芯-U,其他电子
688550,瑞联新材,半导体材料
688551,科威尔,其他发电设备
688552,航天南湖,军工电子
688553,汇宇制药-W,化学制剂
688556,高测股份,光伏加工设备
688557,兰剑智能,其他专用设备
688558,XD国盛智,机床制造
688559,海目星,激光设备
688560,明冠新材,光伏辅材
688561,奇安信-U,基础软件
688562,航天软件,行业应用软件
688563,航材股份,航空装备
688565,力源科技,水治理
688566,吉贝尔,化学制剂
688567,孚能科技,锂电池
688568,中科星图,云平台服务
688569,铁科轨道,轨交设备
688570,天玛智控,工业控制设备
688571,杭华股份,涂料油墨
688573,信宇人,锂电设备
688575,亚辉龙,诊断试剂
688576,西山科技,医疗设备
688577,浙海德曼,机床制造
688578,艾力斯,抗体
688579,地纬智能,行业应用软件
688580,伟思医疗,医疗设备
688581,安杰思,医疗设备
688582,芯动联科,被动元件
688583,思看科技,仪器仪表
688584,上海合晶,半导体材料
688585,上纬新材,合成树脂
688586,江航装备,航空装备
688588,凌志软件,行业应用软件
688589,力合微,集成电路设计
688590,新致软件,其他云服务
688591,泰凌微,集成电路设计
688592,司南导航,通信终端及配件
688593,新相微,集成电路设计
688595,芯海科技,集成电路设计
688596,正帆科技,半导体设备
688597,煜邦电力,电工仪器
688598,金博股份,光伏辅材
688599,天合光能,光伏电池组件
688600,皖仪科技,仪器仪表
688601,力芯微,集成电路设计
688602,康鹏科技,其他化学制品
688603,天承科技,其他电子
688605,先锋精科,半导体设备
688606,奥泰生物,诊断试剂
688607,康众医疗,医疗设备
688608,恒玄科技,集成电路设计
688609,九联科技,其他黑色家电
688610,埃科光电,仪器仪表
688611,杭州柯林,电网自动化
688612,威迈斯,汽车电子电气系统
688613,奥精医疗,医疗耗材
688615,合合信息,行业应用软件
688616,西力科技,电工仪器
688617,惠泰医疗,医疗耗材
688618,三旺通信,其他通信设备
688619,罗普特,安防设备
688620,安凯微,集成电路设计
688621,阳光诺和,医疗研发外包
688622,*ST禾信,仪器仪表
688623,双元科技,其他自动化设备
688625,呈和科技,塑料助剂
688626,翔宇医疗,医疗设备
688627,精智达,其他专用设备
688628,优利德,仪器仪表
688629,华丰科技,军工电子
688630,芯碁微装,其他专用设备
688631,莱斯信息,行业应用软件
688633,星球石墨,能源及重型设备
688635,C长进,其他通信设备
688636,智明达,军工电子
688638,誉辰智能,锂电设备
688639,华恒生物,食品助剂
688646,ST逸飞,激光设备
688648,中邮科技,其他专用设备
688651,盛邦安全,行业应用软件
688652,京仪装备,半导体设备
688653,康希通信,集成电路设计
688655,迅捷兴,PCB
688656,XD浩欧博,诊断试剂
688657,浩辰软件,行业应用软件
688658,悦康药业,化学制剂
688659,元琛科技,环保设备
688660,电气风电,风电整机
688661,和林微纳,消费电子组件
688662,富信科技,其他电子
688663,新风光,电网自动化
688665,四方光电,仪器仪表
688667,菱电电控,汽车电子电气系统
688668,鼎通科技,网络接配及塔设
688669,聚石化学,改性塑料
688670,金迪克,疫苗
688671,碧兴物联,环境监测
688676,金盘科技,输变电设备
688677,海泰新光,医疗设备
688678,福立旺,消费电子组件
688679,通源环境,固废治理
688680,海优新材,光伏辅材
688681,科汇股份,电网自动化
688682,霍莱沃,军工电子
688683,莱尔科技,消费电子组件
688685,迈信林,航空装备
688686,奥普特,工业控制设备
688687,凯因科技,基因药物
688689,银河微电,功率半导体
688690,纳微科技,其他化学制品
688691,灿芯股份,半导体制造
688692,达梦数据,基础软件
688693,锴威特,功率半导体
688695,中创股份,基础软件
688696,极米科技,电视
688697,纽威数控,机床制造
688698,伟创电气,工业控制设备
688699,明微电子,集成电路设计
688700,东威科技,其他专用设备
688701,卓锦股份,生态修复
688702,盛科通信-U,集成电路设计
688707,振华新材,电池化学品
688708,佳驰科技,航空装备
688709,成都华微,集成电路设计
688710,益诺思,医疗研发外包
688711,宏微科技,功率半导体
688712,北芯生命,医疗设备
688716,中研股份,合成树脂
688717,艾罗能源,光伏逆变器
688718,唯赛勃,其他塑料制品
688719,爱科赛博,其他发电设备
688720,艾森股份,半导体材料
688721,龙图光罩,半导体材料
688722,同益中,其他化学纤维
688726,拉普拉斯,光伏加工设备
688727,恒坤新材,半导体材料
688728,格科微,集成电路设计
688729,屹唐股份,半导体设备
688733,壹石通,电池化学品
688737,中自科技,其他汽车零部件
688739,成大生物,疫苗
688750,金天钛业,钛
688755,汉邦科技,其他专用设备
688757,胜科纳米,检测服务
688758,赛分科技,其他化学原料
688759,必贝特-U,其他生物制药
688765,禾元生物-U,血液制品
688766,普冉股份,集成电路设计
688767,博拓生物,诊断试剂
688768,容知日新,仪器仪表
688772,珠海冠宇,锂电池
688775,影石创新,品牌消费电子
688776,国光电气,军工电子
688777,中控技术,工业控制设备
688778,厦钨新能,电池化学品
688779,五矿新能,电池化学品
688781,视涯科技-UW,面板
688783,西安奕材-U,半导体材料
688785,恒运昌,半导体设备
688786,悦安新材,其他金属新材料
688787,海天瑞声,新兴软件
688788,科思科技,军工电子
688789,宏华数科,印刷包装机械
688790,昂瑞微-UW,集成电路设计
688793,倍轻松,个护小家电
688795,摩尔线程-U,集成电路设计
688796,百奥赛图,医疗研发外包
688798,艾为电子,集成电路设计
688799,华纳药厂,化学制剂
688800,瑞可达,其他电子
688802,沐曦股份-U,集成电路设计
688805,健信超导,医疗设备
688807,优迅股份,集成电路设计
688808,联讯仪器,仪器仪表
688809,强一股份,半导体材料
688811,有研复材,其他金属新材料
688813,泰金新能,其他专用设备
688816,易思维,其他自动化设备
688818,电科蓝天,航天装备
688819,天能股份,其他电池
688820,盛合晶微,集成电路设计
688981,中芯国际,半导体制造
689009,九号公司-WD,其他交通设备
